Company,Name,Chairman,Vice Chairman/Lead Director,Board Member
Walmart,"Gregory Boyd Penner ""Greg""",x,,
,"Thomas W Horton ""Tom""",,x,
,Steven S Reinemund,,,x
,Marissa A Mayer,,,x
,"Timothy P Flynn ""Tim""",,,x
,"C Douglas McMillon ""Doug""",,,x
,"Samuel Robson Walton ""Rob""",,,x
,Steuart L Walton,,,x
,Carla Ann Harris,,,x
,Sarah J Friar,,,x
Exxon Mobil,Darren W Woods,x,,
,Steven S Reinemund,,x,
,"Kenneth C Frazier ""Ken""",,,x
,Ursula M Burns,,,x
,"Samuel J Palmisano ""Sam""",,,x
,"William C Weldon ""Bill""",,,x
,"Douglas R Oberhelman ""Doug""",,,x
,Angela F Braly,,,x
,Dr Susan K Avery,,,x
,Steven A Kandarian,,,x
Apple,"Dr Arthur D Levinson ""Art""",x,,
,"Albert Arnold Gore Jr ""Al""",,,x
,"Dr Ronald D Sugar ""Ron""",,,x
,Andrea Jung,,,x
,"Timothy Donald Cook ""Tim""",,,x
,"Susan L Wagner ""Sue""",,,x
,James A Bell,,,x
Berkshire Hathaway,Warren E Buffett,x,,
,"Charles T Munger ""Charlie""",,x,
,Walter Scott Jr,,,x
,Howard G Buffett,,,x
,Ronald L Olson,,,x
,Thomas S Murphy,,,x
,Charlotte Guyman,,,x
,"David S Gottesman ""Sandy""",,,x
,"William Henry Gates III ""Bill""",,,x
,"Susan L Decker ""Sue""",,,x
,"Stephen B Burke ""Steve""",,,
,Meryl B Witmer,,,
,"Gregory E Abel ""Greg""",,,
,Ajit B Jain,,,
Amazon.com,"Jeffrey P Bezos ""Jeff""",x,,
,"Jonathan Jake Rubinstein ""Jon""",,x,
,"Thomas O Ryder ""Tom""",,,x
,Jamie S Gorelick,,,x
,Judith A McGrath,,,x
,Wendell P Weeks,,,x
,"Dr Daniel P Huttenlocher ""Dan""",,,x
,"Patricia Q Stonesifer ""Patty""",,,x
,"Rosalind G Brewer ""Roz""",,,x
,Indra K Nooyi,,,x
UnitedHealth Group,Stephen J Hemsley,x,,
,Richard T Burke Sr,,x,
,William C Ballard Jr,,,x
,Dr Gail R Wilensky,,,x
,Michele J Hooper,,,x
,Glenn M Renwick,,,x
,"Timothy P Flynn ""Tim""",,,x
,Valerie C Montgomery Rice,,,x
,"David Scott Wichmann ""Dave""",,,x
,Frederick William McNabb III,,,x
,Dr John H Noseworthy,,,x
McKesson,Edward Arnold Mueller,x,,
,Marie L Knowles,,,x
,M Christine Jacobs,,,x
,"Dr N Anthony Coles Jr ""Tony""",,,x
,"Donald R Knauss ""Don""",,,x
,Susan R Salka,,,x
,"Bradley E Lerman ""Brad""",,,x
,Dominic J Caruso,,,x
,Dr Ken Washington,,,x
,Maria Martinez,,,x
CVS Health,"David W Dorman ""Dave""",x,,
,Richard J Swift,,,x
,Jean-Pierre Millon,,,x
,C David Brown II,,,x
,Larry J Merlo,,,x
,Anne M Finucane,,,x
,Tony L White,,,x
,"William C Weldon ""Bill""",,,x
,Nancy-Ann Min Deparle,,,x
,Richard M Bracken,,,x
,Alecia A DeCoudreaux,,,x
,Mary L Schapiro,,,x
,"Roger N Farah ""Robert""",,,x
,"Edward J Ludwig ""Ed""",,,x
,Fernando Aguirre,,,x
,Mark T Bertolini,,,x
AT&T,Randall L Stephenson,x,,
,"Matthew K Rose ""Matt""",,x,
,Dr Laura D'Andrea Tyson,,,x
,Scott T Ford,,,x
,Michael B McCallister,,,x
,"Cynthia B Taylor ""Cindy""",,,x
,Beth Elaine Mooney,,,x
,Glenn H Hutchins,,,x
,"William E Kennard ""Bill""",,,x
,Richard W Fisher,,,x
,Samuel A Di Piazza Jr,,,x
,"Geoffrey Y Yang ""Geoff""",,,x
,Debra L Lee,,,x
,"Stephen J Luczo ""Steve""",,,x
AmerisourceBergen,"Steven H Collis ""Steve""",x,,
,Dr Jane E Henney,,x,
,Henry W McGee,,,x
,"Michael J Long ""Mike""",,,x
,Richard W Gochnauer,,,x
,Kathleen W Hyle,,,x
,Lon R Greenberg,,,x
,Ornella Barra,,,x
,D Mark Durcan,,,x
Chevron,"Michael K Wirth ""Mike""",x,,
,"Dr Ronald D Sugar ""Ron""",,x,
,Enrique Hernandez Jr,,,x
,Charles Wick Moorman IV,,,x
,Dr Prof Alice P Gast,,,x
,Inge G Thulin,,,x
,Dr Dambisa F Moyo,,,x
,Dr Wanda M Austin,,,x
,John Bernkopf Frank,,,x
,"D James Umpleby III ""Jim""",,,x
,"Debra L Reed-Klages ""Debbie""",,,x
Ford Motor,"William Clay Ford Jr ""Bill""",x,,
,Edsel B Ford II,,,x
,John Lawson Thornton,,,x
,Kimberly Ann Casiano,,,x
,Stephen G Butler,,,x
,"Anthony F Earley Jr ""Tony""",,,x
,"William W Helman IV ""Bill""",,,x
,Dr John C Lechleiter,,,x
,"William E Kennard ""Bill""",,,x
,John S Weinberg,,,x
,Lynn M Vojvodich,,,x
,"James P Hackett ""Jim""",,,x
,John Brady Veihmeyer,,,x
,Beth Elaine Mooney,,,x
General Motors,Mary T Barra,x,,
,"Theodore M Solso ""Tim""",,x,
,Carol M Stephenson,,,x
,Thomas Michael Schoewe,,,x
,"Patricia F Russo ""Pat""",,,x
,Linda R Gooden,,,x
,"Joseph Jimenez Jr ""Joe""",,,x
,Jane L Mendillo,,,x
,Devin N Wenig,,,x
,"Judith A Miscik ""Jami""",,,x
,"Wesley G Bush ""Wes""",,,x
Costco Wholesale,"Hamilton Evans James ""Tony""",x,,
,"Charles T Munger ""Charlie""",,,x
,John W Meisenbach,,,x
,Richard A Galanti,,,x
,"Susan L Decker ""Sue""",,,x
,"Jeffrey S Raikes ""Jeff""",,,x
,W Craig Jelinek,,,x
,"Mary Agnes Wilderotter ""Maggie""",,,x
,John William Stanton,,,x
,"Kenneth D Denman ""Ken""",,,x
Alphabet,Dr John L Hennessy,x,,
,L John Doerr,,,x
,Alan R Mulally,,,x
,Kavitark Ram Shriram,,,x
,"Lawrence E Page ""Larry""",,,x
,Sergey Brin,,,x
,Ann Mather,,,x
,Dr Roger W Ferguson Jr,,,x
,Sundar Pichai,,,x
,Robin L Washington,,,x
Cardinal Health,"Gregory B Kenny ""Greg""",x,,
,"Calvin Darden ""Cal""",,,x
,Colleen F Arnold,,,x
,Bruce L Downey,,,x
,Carrie Smith Cox,,,x
,"Patricia A Hemingway Hall ""Pat""",,,x
,Nancy Killefer,,,x
,"Michael C Kaufmann ""Mike""",,,x
,Akhil Johri,,,x
,J Michael Losh,,,x
,John H Weiland,,,x
,Dean A Scarborough,,,x
Walgreens Boots Alliance,"James A Skinner ""Jim""",x,,
,William Chapin Foote,,x,
,Stefano Pessina,,x,
,Nancy M Schlichting,,,x
,Ginger L Graham,,,x
,Dr David J Brailer,,,x
,"Janice M Babiak ""Jan""",,,x
,Dominic P Murphy,,,x
,John A Lederer,,,x
,Leonard D Schaeffer,,,x
,"Jose E Almeida ""Joe""",,,x
JPMorgan Chase,"James Dimon ""Jamie""",x,,
,Dr Lee R Raymond,,x,
,"James Schine Crown ""Jim""",,,x
,"Stephen B Burke ""Steve""",,,x
,Laban P Jackson Jr,,,x
,James A Bell,,,x
,"Timothy P Flynn ""Tim""",,,x
,Linda B Bammann,,,x
,"Michael A Neal ""Mike""",,,x
,Todd A Combs,,,x
,Mellody Hobson,,,x
Verizon Communications,Hans Vestberg,x,,
,Clarence Otis Jr,,x,
,Rodney E Slater,,,x
,Melanie L Healey,,,x
,"Kathryn A Tesija ""Kathee""",,,x
,Shellye L Archambeau,,,x
,Mark T Bertolini,,,x
,"Gregory G Weaver ""Greg""",,,x
,"Daniel H Schulman ""Dan""",,,x
,Vittorio Amedeo Colao,,,x
Kroger,W Rodney McMullen,x,,
,Clyde R Moore,,,x
,Bobby S Shackouls,,,x
,James A Runde,,,x
,"Ronald L Sargent ""Ron""",,,x
,Susan J Kropf,,,x
,Jorge P Montoya,,,x
,Nora A Aufreiter,,,x
,Anne Gates,,,x
,Mark S Sutton,,,x
,Ashok Vemuri,,,x
General Electric,"H Lawrence Culp Jr ""Larry""",x,,
,"Thomas W Horton ""Tom""",,x,
,"James S Tisch ""Jim""",,,x
,Francisco D'Souza,,,x
,Sebastien M Bazin,,,x
,Dr Risa J Lavizzo-Mourey,,,x
,"Edward P Garden ""Ed""",,,x
,Leslie F Seidman,,,x
,Paula Rosput Reynolds,,,x
,"Catherine A Lesjak ""Cathie""",,,x
Fannie Mae,Jonathan Plutzik,x,,
,"Robert H Herz ""Bob""",,,x
,Dr Amy E Alving,,,x
,Diane Carol Nordin,,,x
,Hugh R Frater,,,x
,Renee Lewis Glover,,,x
,"Michael J Heid ""Mike""",,,x
,Antony P Jenkins,,,x
,Ryan A Zanin,,,x
,"Manuel Sanchez Rodriguez ""Manolo""",,,x
,Karin Kimbrough,,,x
,Brian P Brooks,,,x
,Sheila Colleen Bair,,,x
Phillips 66,Greg C Garland,x,,
,Glenn F Tilton,,x,
,John E Lowe,,,x
,Harold W Terry McGraw III,,,x
,J Brian Ferguson,,,x
,Victoria J Tschinkel,,,x
,Dr Marna C Whittington,,,x
,Gary K Adams,,,x
,Denise L Ramos,,,x
,Charles M Holley Jr,,,x
Valero Energy,"Joseph W Gorder ""Joe""",x,,
,"Robert A Profusek ""Bob""",,x,
,"Donald L Nickles ""Don""",,,x
,Stephen M Waters,,,x
,"Randall J Weisenburger ""Randy""",,,x
,"Rayford Wilkins Jr ""Ray""",,,x
,"Philip J Pfeiffer ""Phil""",,,x
,Deborah Platt Majoras,,,x
,H Paulett Eberhart,,,x
,"Kimberly S Greene ""Kim""",,,x
Bank of America,Brian T Moynihan,x,,
,Jack O Bovender Jr,,x,
,"Thomas J May ""Tom""",,,x
,Frank P Bramble Sr,,,x
,Dr Susan Schmidt Bies,,,x
,Linda P Hudson,,,x
,Sharon L Allen,,,x
,Arnold W Donald,,,x
,Lionel L Nowell III,,,x
,Pierre J P De Weck,,,x
,"Thomas D Woods ""Tom""",,,x
,"Michael D White ""Mike""",,,x
,Dr Maria T Zuber,,,x
,Denise L Ramos,,,x
Microsoft,John W Thompson,x,,
,"William Henry Gates III ""Bill""",,,x
,Satya Nadella,,,x
,John William Stanton,,,x
,"Charles W Scharf ""Charlie""",,,x
,Teri List-Stoll,,,x
,Padmasree Y Warrior,,,x
,"Sandra E Peterson ""Sandi""",,,x
,Reid Garrett Hoffman,,,x
,Hugh F Johnston,,,x
,Penny S Pritzker,,,x
,Arne M Sorenson,,,x
,Emma Walmsley,,,x
,Dr Helmut Gunter Wilhelm Panke,,,x
,"Charles H Noski ""Chuck""",,,x
Home Depot,Craig A Menear,x,,
,"Gregory D Brenneman ""Greg""",,x,
,Ari Bousbib,,,x
,"Albert P Carey ""Al""",,,x
,Joseph Frank Brown,,,x
,Helena B Foulkes,,,x
,Wayne M Hewett,,,x
,Gerard J Arpey,,,x
,Linda R Gooden,,,x
,Jeffery H Boyd,,,x
,Stephanie C Linnartz,,,x
,"Manuel Kadre ""Manny""",,,x
Boeing,"David L Calhoun ""Dave""",x,,
,"Michael S Zafirovski ""Mike""",,,x
,"Arthur D Collins Jr ""Art""",,,x
,Adm Edmund P Giambastiani Jr,,,x
,Prof Dr Susan C Schwab,,,x
,"Edward M Liddy ""Ed""",,,x
,"Ronald A Williams ""Ron""",,,x
,"Lawrence W Kellner ""Larry""",,,x
,Lynn J Good,,,x
,Robert A Bradway,,,x
,Caroline B Kennedy,,,x
,Nikki R Haley,,,x
,Adm John M Richardson,,,x
Wells Fargo,"Elizabeth Ashburn Duke ""Betsy""",x,,
,"Donald M James ""Don""",,,x
,John D Baker II,,,x
,"James H Quigley ""Jim""",,,x
,"Maj Gen Suzanne M Vautrinot ""Zan""",,,x
,"Ronald L Sargent ""Ron""",,,x
,Juan A Pujadas,,,x
,Dr Celeste A Clark,,,x
,"Theodore F Craver Jr ""Ted""",,,x
,Maria R Morris,,,x
,Wayne M Hewett,,,x
,"Charles H Noski ""Chuck""",,,x
,"Richard Payne Jr ""Dick""",,,x
,"Charles W Scharf ""Charlie""",,,x
Citigroup,John C Dugan,x,,
,Diana Lancaster Taylor,,,x
,Dr Ernesto Zedillo Ponce De Leon,,,x
,"Michael L Corbat ""Mike""",,,x
,Gary M Reiner,,,x
,"James S Turley ""Jim""",,,x
,Duncan Pratt Hennes,,,x
,Dr Peter Blair Henry,,,x
,"Eugene M McQuade ""Gene""",,,x
,Ellen M Costello,,,x
,Renee J James,,,x
,Deborah C Wright,,,x
,S Leslie Ireland,,,x
,"Lew W Jacobs IV ""Jay""",,,x
,Barbara J Desoer,,,x
,"Alexander R Wynaendts ""Alex""",,,x
,Grace E Dailey,,,x
Marathon Petroleum,Gary R Heminger,x,,
,James E Rohr,,x,
,"Gregory J Goff ""Greg""",,x,
,John P Surma,,,x
,B Evan Bayh III,,,x
,"Steven A Davis ""Steve""",,,x
,Charles E Bunch,,,x
,Abdulaziz Fahad Al-Khayyal,,,x
,"J Michael Stice ""Mike""",,,x
,Susan Tomasky,,,x
,"Edward G Galante ""Ed""",,,x
,Kim K W Rucker,,,x
,Frank M Semple,,,x
Comcast,Brian L Roberts,x,,
,"Edward D Breen ""Ed""",,x,
,Sheldon M Bonovitz,,,x
,"Kenneth J Bacon ""Ken""",,,x
,"Jeffrey A Honickman ""Jeff""",,,x
,Gerald L Hassell,,,x
,Madeline S Bell,,,x
,David C Novak,,,x
,Asuka Nakahara,,,x
,Maritza Gomez Montiel,,,x
Anthem,Elizabeth E Tallett,x,,
,"Ramiro G Peru ""Ramey""",,,x
,Julie A Hill,,,x
,Robert L Dixon Jr,,,x
,"Lewis Hay III ""Lew""",,,x
,R Kerry Clark,,,x
,Gail Koziara Boudreaux,,,x
,Antonio Fabio Neri,,,x
,Dr Bahija Jallal,,,x
,Ryan M Schneider,,,x
Dell Technologies,Michael S Dell,x,,
,Simon Patterson,,,x
,Ellen J Kullman,,,x
,"William D Green ""Bill""",,,x
,"David W Dorman ""Dave""",,,x
,Egon Pierre Durban,,,x
,Lynn M Vojvodich,,,x
DuPont de Nemours,"Edward D Breen ""Ed""",x,,
,Alexander M Cutler,,x,
,"Rajiv L Gupta ""Raj""",,,x
,Steven M Sterin,,,x
,"Luther C Kissam IV ""Luke""",,,x
,"Raymond J Milchovich ""Ray""",,,x
,Eleuthere I Du Pont II,,,x
,Ruby R Chandy,,,x
,Terrence R Curtin,,,x
,C Marc Doyle,,,x
,Frederick M Lowery,,,x
,Franklin K Clyburn Jr,,,x
,Amy G Brady,,,x
Johnson & Johnson,Alex Gorsky,x,,
,Anne M Mulcahy,,x,
,Charles Prince III,,,x
,William D Perez,,,x
,Ian E L Davis,,,x
,"Ronald A Williams ""Ron""",,,x
,Dr A Eugene Washington,,,x
,Dr Mark B McClellan,,,x
,D Scott Davis,,,x
,Dr Mary C Beckerle,,,x
,Dr Jennifer A Doudna,,,x
,Marillyn A Hewson,,,x
IBM,"Virginia M Rometty ""Ginni""",x,,
,"Michael L Eskew ""Mike""",,x,
,Sidney Taurel,,,x
,Dr Shirley Ann Jackson,,,x
,Andrew N Liveris,,,x
,David N Farr,,,x
,Alex Gorsky,,,x
,Peter R Voser,,,x
,"Frederick H Waddell II ""Rick""",,,x
,"Joseph R Swedish ""Joe""",,,x
,Dr Martha E Pollack,,,x
,Adm Michelle J Howard,,,x
,Frederick William McNabb III,,,x
,Thomas Buberl,,,x
Target,Brian C Cornell,x,,
,Douglas M Baker Jr,,x,
,"Calvin Darden ""Cal""",,,
,Mary Ellen Minnick,,,
,Henrique De Castro,,,
,"Kenneth Lee Salazar ""Ken""",,,
,Roxanne S Austin,,,
,Robert L Edwards,,,
,"Donald R Knauss ""Don""",,,
,Melanie L Healey,,,
,Monica C Lozano,,,
,Dmitri Lysander Stockton,,,
,George S Barrett,,,
Freddie Mac,S Sara Mathew,x,,
,Eugene B Shanks Jr,,,x
,"Dr Steven W Kohlhagen ""Steve""",,,x
,"Saiyid T Naqvi ""Sy""",,,x
,Lance F Drummond,,,x
,Grace A Huebscher,,,x
,Christopher E Herbert,,,x
,Aleem Gillani,,,x
,"Kathleen L Casey ""Kathy""",,,x
United Parcel Service,David P Abney,x,,
,"William R Johnson ""Bill""",,x,
,Ann M Livermore,,,x
,Carol B Tome,,,x
,Michael J Burns,,,x
,"Rudolf Harold Peter Markham ""Rudy""",,,x
,"Clark T Randt Jr ""Sandy""",,,x
,Kevin M Warsh,,,x
,"Rodney C Adkins ""Rod""",,,x
,John T Stankey,,,x
,Franck J Moison,,,x
,Christiana Smith Shi,,,x
Lowe's,"Richard W Dreiling ""Rick""",x,,
,"Ralph Alvarez ""Raul""",,,x
,Eric C Wiseman,,,x
,Angela F Braly,,,x
,"James H Morgan Jr ""Jim""",,,x
,Laurie Z Douglas,,,x
,"Bertram L Scott ""Bert""",,,x
,"Sandra B Cochran ""Sandy""",,,x
,David H Batchelder,,,x
,Brian Charles Rogers,,,x
,Lisa W Wardell,,,x
,Marvin Ralph Ellison,,,x
Intel,Andy D Bryant,x,,
,Omar S Ishrak,,x,
,Reed E Hundt,,,x
,Frank D Yeary,,,x
,Dr Tsu-Jae King Liu,,,x
,"Gregory D Smith ""Greg""",,,x
,Andrew Wilson,,,x
,Dr Risa J Lavizzo-Mourey,,,x
,"Robert Holmes Swan ""Bob""",,,x
,"James J Goetz ""Jim""",,,x
MetLife,Dr Robert Glenn Hubbard,x,,
,"James Marshall Kilts ""Jim""",,,x
,Catherine R Kinney,,,x
,Hon Carlos M Gutierrez,,,x
,"William E Kennard ""Bill""",,,x
,Denise M Morrison,,,x
,"Edward J Kelly III ""Ned""",,,x
,David L Herzog,,,x
,Cheryl W Grise,,,x
,Gerald L Hassell,,,x
,Diana McKenzie,,,x
,Michel Khalaf,,,x
,Mark A Weinberger,,,x
Procter & Gamble,David S Taylor,x,,
,W James McNerney Jr,,x,
,Scott D Cook,,,x
,Patricia Ann Woertz,,,x
,Angela F Braly,,,x
,"Margaret C Whitman ""Meg""",,,x
,Terry J Lundgren,,,x
,"Francis Stanton Blake ""Frank""",,,x
,Amy L Chang,,,x
,Nelson Peltz,,,x
,"Joseph Jimenez Jr ""Joe""",,,x
,Christine M McCarthy,,,x
United Technologies,"Gregory J Hayes ""Greg""",x,,
,Ellen J Kullman,,x,
,Dr Jean-Pierre Garnier,,,x
,Harold W Terry McGraw III,,,x
,John Vincent Faraci,,,x
,Marshall O Larsen,,,x
,"Fredric G Reynolds ""Fred""",,,x
,Brian Charles Rogers,,,x
,Gen Lloyd J Austin III,,,x
,Diane M Bryant,,,x
,Dr Meghan L O'Sullivan,,,x
,"Christopher J Kearney ""Chris""",,,x
,Denise L Ramos,,,x
FedEx,"Frederick Wallace Smith ""Fred""",x,,
,David P Steiner,,x,
,Paul S Walsh,,,x
,Dr Shirley Ann Jackson,,,x
,John A Edwardson,,,x
,Prof Dr Susan C Schwab,,,x
,R Brad Martin,,,x
,Joshua Cooper Ramo,,,x
,"Kimberly A Jabal ""Kim""",,,x
,Marvin Ralph Ellison,,,x
,"John C Inglis ""Chris""",,,x
,"Susan Patricia Griffith ""Tricia""",,,x
PepsiCo,Ramon L Laguarta,x,,
,Ian M Cook,,x,
,"Dr Daniel L Vasella ""Dan""",,,x
,Dina Dublon,,,x
,Shona L Brown,,,x
,Alberto Weisser,,,x
,Dr David C Page,,,x
,"Robert C Pohlad ""Bob""",,,x
,"William R Johnson ""Bill""",,,x
,Richard W Fisher,,,x
,Cesar R Conde,,,x
,Darren Walker,,,x
,Michelle D Gass,,,x
Archer Daniels Midland,Juan Ricardo Luciano,x,,
,Donald E Felsinger,,x,
,"Patrick J Moore ""Pat""",,,x
,Kelvin R Westbrook,,,x
,Pierre Dufour,,,x
,"Terrell K Crews ""Terry""",,,x
,Francisco J Sanchez,,,x
,Debra A Sandler,,,x
,Suzan F Harrison,,,x
,"Michael S Burke ""Mike""",,,x
,Dr Lei Zhang Schlitz,,,x
Prudential Financial,Charles F Lowrey,x,,
,"Thomas Jeremiah Baltimore Jr ""Tom""",,x,
,"Robert Michael Falzon ""Rob""",,x,
,Gilbert Fran Casellas,,,x
,"Christine A Poon ""Chris""",,,x
,Martina Hund-Mejean,,,x
,Douglas A Scovanner,,,x
,Sandra Pianalto,,,x
,"Michael A Todman ""Mike""",,,x
,Peter Rupert Lighte,,,x
,George Paz,,,x
,Karl John Krapek,,,x
Centene,Michael F Neidorff,x,,
,Robert K Ditmore,,,x
,"David L Steward ""Dave""",,,x
,John R Roberts,,,x
,Hon Tommy G Thompson,,,x
,Frederick H Eppinger Jr,,,x
,"Richard A Gephardt ""Dick""",,,x
,Orlando Ayala,,,x
,Jessica L Blume,,,x
,Gen Lori J Robinson,,,x
Albertsons,Lenard B Tessler,,x,
,Brian Kevin Turner,,x,
,"James L Donald ""Jim""",x,,
,"Leonard Laufer ""Len""",x,,
,Jay L Schottenstein,,,x
,Dean Stewart Adler,,,x
,Ronald J Kravit,,,x
,Hersch Klaff,,,x
,Lisa Ann Gray,,,x
,Scott R Wille,,,x
,Kim S Fennebresque,,,x
,Alan H Schumacher,,,x
,"Steven A Davis ""Steve""",,,x
,Sharon L Allen,,,x
,"Robert G Miller ""Bob""",,,x
,Allen Gibson,,,x
Walt Disney,"Robert A Iger ""Bob""",x,,
,Susan E Arnold,,x,
,"Maria Elena Lagomasino ""Mel""",,,x
,Dr Mark G Parker,,,x
,Mary T Barra,,,x
,Safra A Catz,,,x
,Francis A Desouza,,,x
,"Michael B Froman ""Mike""",,,x
,Derica W Rice,,,x
Sysco,"Thomas L Bene ""Tom""",x,,
,John M Cassaday,,,x
,Nancy S Newcomb,,,x
,Dr Hans-Joachim Koerber,,,x
,Larry C Glasscock,,,x
,Nelson Peltz,,,x
,"Joshua D Frank ""Josh""",,,x
,"Edward D Shirley ""Ed""",,,x
,"Bradley M Halverson ""Brad""",,,x
,"Daniel J Brutto ""Dan""",,,x
,Sheila G Talton,,,x
,John M Hinshaw,,,x
,Stephanie A Lundquist,,,x
HP,"Charles V Bergh ""Chip""",x,,
,Dr Shumeet Banerji,,,x
,"Robert R Bennett ""Dob""",,,x
,Stacey J Mobley,,,x
,Dr Stephanie Ann Burns,,,x
,Mary Anne Citrino,,,x
,Dion J Weisler,,,x
,Dr Subra Suresh,,,x
,Stacy Brown-Philpot,,,x
,Aida M Alvarez,,,x
,Yoky Matsuoka,,,x
,Enrique Lores,,,x
Humana,Kurt J Hilzinger,x,,
,Frank A D'Amelio,,,x
,W Roy Dunbar,,,x
,"James J O'Brien ""Jim""",,,x
,William J McDonald,,,x
,Marissa T Peterson,,,x
,David Avren Jones Jr,,,x
,Bruce D Broussard,,,x
,Frank J Bisignano,,,x
,Dr Karen B Desalvo,,,x
,Karen W Katz,,,x
Facebook,Mark Elliot Zuckerberg,x,,
,Peter A Thiel,,,x
,Marc Lowell Andreessen,,,x
,Sheryl Kara Sandberg,,,x
,"Kenneth I Chenault ""Ken""",,,x
,"Jeffrey D Zients ""Jeff""",,,x
,Peggy Abkemeier Alford,,,x
Caterpillar,"D James Umpleby III ""Jim""",x,,
,"David L Calhoun ""Dave""",,x,
,Juan Antonio Cortina Gallardo Thurlow,,,x
,William A Osborn,,,x
,"Daniel McKenzie Dickinson ""Dan""",,,x
,Prof Dr Susan C Schwab,,,x
,Miles D White,,,x
,Dennis A Muilenburg,,,x
,"Debra L Reed-Klages ""Debbie""",,,x
,"Edward B Rust Jr ""Ed""",,,x
,"Rayford Wilkins Jr ""Ray""",,,x
,Kelly A Ayotte,,,x
Energy Transfer,Kelcy L Warren,x,,
,John W McReynolds,,,x
,Michael K Grimm,,,x
,"Marshall S McCrea III ""Mackie""",,,x
,Matthew S Ramsey,,,x
,"Richard D Brannon ""Dick""",,,x
,Steven R Anderson,,,x
,Ray C Davis,,,x
,"Thomas E Long ""Tom""",,,x
,Ray W Washburne,,,x
Lockheed Martin,Marillyn A Hewson,x,,
,Adm James O Ellis Jr,,,x
,David Boyd Burritt,,,x
,"Thomas J Falk ""Tom""",,,x
,"Daniel Francis Akerson ""Dan""",,,x
,Brig Gen Bruce A Carlson,,,x
,Ilene S Gordon,,,x
,James D Taiclet Jr,,,x
,Hon Jeh Charles Johnson,,,x
,Vicki A Hollub,,,x
,"Debra L Reed-Klages ""Debbie""",,,x
Pfizer,Ian C Read,x,,
,Shantanu Narayen,,x,
,W Don Cornwell,,,x
,"James Marshall Kilts ""Jim""",,,x
,Suzanne Nora Johnson,,,x
,Dr Helen H Hobbs,,,x
,"James Clifton Smith ""Jim""",,,x
,"Joseph J Echevarria Jr ""Joe""",,,x
,"Ronald E Blaylock ""Ron""",,,x
,Dr Dan R Littman,,,x
,Dr Scott Gottlieb,,,x
,Dr Albert Bourla,,,x
Goldman Sachs Group,David M Solomon,x,,
,"Adebayo Olusegu Ogunlesi ""Bayo""",,x,
,Lakshmi N Mittal,,,x
,M Michele Burns,,,x
,David A Viniar,,,x
,Peter Oppenheimer,,,x
,Mark O Winkelman,,,x
,Mark A Flaherty,,,x
,Ellen J Kullman,,,x
,Dr Drew Gilpin Faust,,,x
,Jan E Tighe,,,x
Morgan Stanley,James Patrick Gorman,x,,
,"Thomas Henry Glocer ""Tom""",,x,
,Hutham S Olayan,,,x
,"Robert H Herz ""Bob""",,,x
,"Rayford Wilkins Jr ""Ray""",,,x
,"Judith A Miscik ""Jami""",,,x
,Perry Marques Traquina,,,x
,Nobuyuki Hirano,,,x
,Rt Hon Alistair Maclean Darling,,,x
,Dennis M Nally,,,x
,Elizabeth Corley,,,x
,Mary L Schapiro,,,x
,Takeshi Ogasawara,,,x
,"Stephen J Luczo ""Steve""",,,x
Cisco Systems,"Charles H Robbins ""Chuck""",x,,
,Michael D Capellas,,x,
,"Roderick C McGeary ""Rod""",,,x
,M Michele Burns,,,x
,Arun Sarin,,,x
,Dr Kristina M Johnson,,,x
,"Brenton L Saunders ""Brent""",,,x
,Mark S Garrett,,,x
,"Wesley G Bush ""Wes""",,,x
,Carol B Tome,,,x
,Steven M West,,,x
Cigna,"Isaiah Harris Jr ""Ike""",x,,
,Donna F Zarcone,,,x
,Roman Martinez IV,,,x
,Eric C Wiseman,,,x
,John M Partridge,,,x
,David M Cordani,,,x
,Eric J Foss,,,x
,"Dr William L Roper ""Bill""",,,x
,"Kathleen M Mazzarella ""Kathy""",,,x
,"William J Delaney ""Bill""",,,x
,Maj Gen Dr Elder Granger,,,x
,Dr Mark B McClellan,,,x
,Kimberly A Ross,,,x
AIG,Douglas M Steenland,x,,
,Suzanne Nora Johnson,,,x
,Christopher S Lynch,,,x
,Henry Stephen Miller,,,x
,W Don Cornwell,,,x
,John H Fitzpatrick,,,x
,"William G Jurgensen ""Jerry""",,,x
,Linda A Mills,,,x
,Brian Duperreault,,,x
,"Thomas F Motamed ""Tom""",,,x
,Peter R Porrino,,,x
,"Therese E Vaughan ""Terri""",,,x
,Amy L Schioldager,,,x
HCA Healthcare,"Thomas F Frist III ""Tommy""",x,,
,William R Frist,,,x
,Geoffrey G Meyers,,,x
,Dr Wayne Joseph Riley,,,x
,Nancy-Ann Min Deparle,,,x
,"Robert J Dennis ""Bob""",,,x
,Dr John Wallis Rowe,,,x
,"Charles O Holliday Jr ""Chad""",,,x
,Michael W Michelson,,,x
,"Samuel N Hazen ""Sam""",,,x
,Meg Gilbert Crofton,,,x
American Airlines Group,"William Douglas Parker ""Doug""",x,,
,John T Cahill,,x,
,Ray M Robinson Jr,,,x
,Denise M O'Leary,,,x
,Jeffrey D Benjamin,,,x
,Matthew J Hart,,,x
,"James F Albaugh ""Jim""",,,x
,Michael J Embler,,,x
,Susan D Kronick,,,x
,"Martin Hughes Nesbitt ""Marty""",,,x
Delta Air Lines,"Francis Stanton Blake ""Frank""",x,,
,"Edward H Bastian ""Ed""",,,x
,"David G Dewalt ""Dave""",,,x
,George N Mattson,,,x
,"William H Easter III ""Bill""",,,x
,Sergio Agapito Lires Rial,,,x
,Kathy N Waller,,,x
,Daniel Allen Carp,,,x
,Jeanne Pellegren Jackson,,,x
,Dr Ashton Baldwin Carter,,,x
,Michael P Huerta,,,x
,Christopher A Hazleton,,,x
,David S Taylor,,,x
Charter Communications,"Thomas M Rutledge ""Tom""",x,,
,Eric Zinterhofer,,x,
,W Lance Conn,,,x
,"John D Markley Jr ""Jay""",,,x
,"David C Merritt ""Dave""",,,x
,Craig A Jacobson,,,x
,"Gregory B Maffei ""Greg""",,,x
,Balan Nair,,,x
,Mauricio Ramos,,,x
,Steven A Miron,,,x
,Michael Newhouse,,,x
,Kim Crawford Goodman,,,x
,"James E Meyer ""Jim""",,,x
New York Life Insurance,"Theodore A Mathas ""Ted""",x,,
,"Thomas C Schievelbein ""Tom""",,x,
,Michele G Buck,,x,
,David W Mitchell,,,x
,Patricia T Carbine,,,x
,Dr Robert J Richardson,,,x
,William G Burns,,,x
,Leslie G McCraw,,,x
,Conrad K Harper,,,x
,Richard M Kernan Jr,,,x
,James L Broadhead,,,x
,Betty C Alewine,,,x
,Christina A Gold,,,x
,Alexander M Clark,,,x
,S Thomas Moser,,,x
,"William G Walter ""Bill""",,,x
,"Ronald R Pressman ""Ron""",,,x
,Gerald B Smith,,,x
,"Edward D Shirley ""Ed""",,,x
,Robert B Carter,,,x
,Donna H Kinnaird,,,x
,Kent B Foster,,,x
,"Rafael De La Vega ""Ralph""",,,x
American Express,Stephen Joseph Squeri,x,,
,"Ronald A Williams ""Ron""",,x,
,Charlene Barshefsky,,,x
,Peter F Chernin,,,x
,"Theodore J Leonsis ""Ted""",,,x
,"Dr Daniel L Vasella ""Dan""",,,x
,Anne Lauvergeon Phd,,,x
,"Michael O Leavitt ""Mike""",,,x
,"Rafael De La Vega ""Ralph""",,,x
,"John Joseph Brennan ""Jack""",,,x
,"Christopher D Young ""Chris""",,,x
Best Buy,Hubert Joly,x,,
,J Patrick Doyle,,x,
,Kathy J Higgins Victor,,,x
,Lisa M Caputo,,,x
,David W Kenny,,,x
,"Thomas L Millner ""Tommy""",,,x
,Karen A McLoughlin,,,x
,Claudia Fan Munce,,,x
,Richelle P Parham,,,x
,Cindy Kent,,,x
,"Eugene A Woods ""Gene""",,,x
,"Russell P Fradin ""Russ""",,,x
Merck,"Kenneth C Frazier ""Ken""",x,,
,Leslie A Brun,,x,
,"Patricia F Russo ""Pat""",,,x
,Peter C Wendell,,,x
,Wendell P Weeks,,,x
,"Rochelle B Lazarus ""Shelly""",,,x
,"Thomas Henry Glocer ""Tom""",,,x
,Dr Thomas R Cech,,,x
,"Pamela J Craig ""Pam""",,,x
,Dr Paul R Rothman,,,x
,Inge G Thulin,,,x
,Mary Ellen Coe,,,x
Honeywell International,Darius Adamczyk,x,,
,Jaime Chico Pardo,,x,
,Lord Clive R Hollick,,,x
,D Scott Davis,,,x
,Linnet F Deily,,,x
,George Paz,,,x
,Kevin Burke,,,x
,Judd Alan Gregg,,,x
,Grace D Lieblein,,,x
,Robin L Washington,,,x
,"William S Ayer ""Bill""",,,x
,Duncan B Angove,,,x
,Deborah L Flint,,,x
United Continental Holdings,Jane C Garvey,x,,
,David J Vitale,,,x
,Walter S Isaacson,,,x
,Oscar Munoz,,,x
,Carolyn Corvi,,,x
,Sito Pantoja,,,x
,Capt Todd M Insler,,,x
,James Aloysius Charles Kennedy III,,,x
,"James M Whitehurst ""Jim""",,,x
,"Edward Louis Shapiro ""Ed""",,,x
,Barney Harford,,,x
,"Edward M Philip ""Ted""",,,x
,Michele J Hooper,,,x
Tyson Foods,John H Tyson,x,,
,Gaurdie E Banister Jr,,x,
,Barbara A Tyson,,,x
,Kevin M McNamara,,,x
,Robert C Thurber,,,x
,Mikel A Durham,,,x
,Mike Dale Beebe,,,x
,"Jeffrey K Schomburger ""Jeff""",,,x
,Cheryl Scully Miller,,,x
,Dean Banks,,,x
,Noel W White,,,x
,Jonathan D Mariner,,,x
Oracle,"Lawrence Joseph Ellison ""Larry""",x,,
,"Jeffrey Owen Henley ""Jeff""",,x,
,Dr Michael J Boskin,,,x
,"Jeffrey S Berg ""Jeff""",,,x
,Safra A Catz,,,x
,Dr Hector Garcia-Molina,,,x
,Naomi O Seligman,,,x
,George H Conrades,,,x
,Bruce R Chizen,,,x
,Leon Edward Panetta,,,x
,Renee J James,,,x
,William G Parrett,,,x
,Charles Wick Moorman IV,,,x
,Rona Alison Fairhead,,,x
Allstate,Thomas Wilson,x,,
,"Judith A Sprieser ""Judy""",,x,
,Andrea Redmond,,,x
,"Kermit R Crawford ""Ker""",,,x
,"Siddharth N Mehta ""Bobby""",,,x
,"Michael L Eskew ""Mike""",,,x
,Jacques Pierre Perold,,,x
,Perry Marques Traquina,,,x
,Gregg M Sherrill,,,x
,Margaret M Keane,,,x
World Fuel Services,Michael J Kasbar,x,,
,Richard A Kassar,,,x
,Ken Bakshi,,,x
,Stephen K Roddenberry,,,x
,John L Manley,,,x
,Paul H Stebbins,,,x
,Jorge L Benitez,,,x
,Stephen J Gold,,,x
TJX,Carol Meyrowitz,x,,
,John F O'Brien,,x,
,Willow B Shire,,,x
,Amy B Lane,,,x
,David T Ching,,,x
,Michael F Hines,,,x
,Alan M Bennett,,,x
,Zein Abdalla,,,x
,Ernie Herrman,,,x
,Jackwyn L Nemerov,,,x
,Rosemary T Berkery,,,x
ConocoPhillips,Ryan M Lance,x,,
,Robert A Niblock,,,x
,Prof Jody L Freeman,,,x
,Gay Huey Evans,,,x
,Charles E Bunch,,,x
,John Vincent Faraci,,,x
,Arjun N Murti,,,x
,Sharmila Shahani-Mulligan,,,x
,Caroline Maury Devine,,,x
,"Jeffrey A Joerres ""Jeff""",,,x
,"Adm Rt William H McRaven ""Bill""",,,x
Deere,"Samuel R Allen ""Sam""",x,,
,Dr Vance D Coffman,,x,
,Prof Dipak Chand Jain,,,x
,"Clayton M Jones ""Clay""",,,x
,Sherry M Smith,,,x
,"Gregory R Page ""Greg""",,,x
,Michael Owen Johanns,,,x
,Dmitri Lysander Stockton,,,x
,Sheila G Talton,,,x
,Alan C Heuberger,,,x
,"Charles O Holliday Jr ""Chad""",,,x
,John C May,,,x
Tech Data,Robert M Dutkowsky,x,,
,"Charles E Adair ""Eddie""",,x,
,"Kathleen Misunas ""Kathy""",,,x
,Harry J Harczak Jr,,,x
,"Tung Wai-Hok ""Savio""",,,x
,Patrick G Sayer,,,x
,"Thomas I Morgan ""Tom""",,,x
,Bridgette P Heller,,,x
,Karen M Dahut,,,x
,Richard T Hume,,,x
Enterprise Products Partners,Randa Duncan Williams,x,,
,Richard H Bachmann,,x,
,Charles E McMahen,,,x
,"A James Teague ""Jim""",,,x
,"W Randall Fowler ""Randy""",,,x
,"Richard S Snell ""Dick""",,,x
,"James T Hackett ""Jim""",,,x
,Carin Marcy Barth,,,x
,"William C Montgomery ""Bill""",,,x
,"Harry P Weitzel ""Hap""",,,x
,Murray E Brasseux,,,x
,John R Rutherford,,,x
Nike,Dr Mark G Parker,x,,
,"Timothy Donald Cook ""Tim""",,x,
,John R Thompson Jr,,,x
,Alan B Graf Jr,,,x
,John G Connors,,,x
,"Elizabeth J Comstock ""Beth""",,,x
,Michelle A Peluso,,,x
,John J Donahoe II,,,x
,Travis A Knight,,,x
,Dr Peter Blair Henry,,,x
,"Cathleen Benko ""Cathy""",,,x
,John W Rogers Jr,,,x
,Thasunda Brown Duckett,,,x
Publix Super Markets,"William Edwin Crenshaw ""Ed""",x,,
,Howard M Jenkins,,,x
,"Stephen M Knopik ""Steve""",,,x
,"G Thomas Hough ""Tom""",,,x
,David P Phillips,,,x
,Randall Todd Jones Sr,,,x
,Jessica L Blume,,,x
,Charles H Jenkins Jr,,,x
,Jennifer A Jenkins,,,x
,"Hoyt R Barnett ""Barney""",,,x
General Dynamics,Phebe N Novakovic,x,,
,"James Schine Crown ""Jim""",,x,
,Gen Lester L Lyles,,,x
,William A Osborn,,,x
,Laura J Schumacher,,,x
,Rudy F De Leon,,,x
,Mark M Malcolm,,,x
,Gen Sir Peter A Wall,,,x
,Catherine B Reynolds,,,x
,"C Howard Nye ""Ward""",,,x
,"Cecil D Haney ""Cecil""",,,x
,"Gen James N Mattis ""Jim""",,,x
Exelon,Mayo A Shattuck III,x,,
,Nicholas Debenedictis,,,x
,Stephen D Steinour,,,x
,Dr Prof Paul L Joskow,,,x
,Adm Richard W Mies,,,x
,"Christopher M Crane ""Chris""",,,x
,Robert J Lawless,,,x
,Ann C Berzin,,,x
,Yves De Balmann,,,x
,"Anthony K Anderson ""Tony""",,,x
,Linda P Jojo,,,x
,John F Young,,,x
,Mary Laurie Brlas,,,x
,Adm John M Richardson,,,x
Plains GP Holdings,Greg L Armstrong,x,,
,"Christopher M Temple ""Chris""",,,x
,Robert V Sinnott,,,x
,Everardo Goyanes,,,x
,John T Raymond,,,x
,Bobby S Shackouls,,,x
,Victor Burk,,,x
,Gary R Petersen,,,x
,J Taft Symonds,,,x
,Harry N Pefanis,,,x
,"Wilfred C W Chiang ""Willie""",,,x
,Oscar K Brown,,,x
,Alexandra Garbers Pruner,,,x
3M,Michael F Roman,x,,
,"Michael L Eskew ""Mike""",,x,
,"Edward M Liddy ""Ed""",,,x
,"Herbert L Henkel ""Herb""",,,x
,Muhtar Kent,,,x
,"Thomas K Brown ""Tony""",,,x
,"David B Dillon ""Dave""",,,x
,"Gregory R Page ""Greg""",,,x
,Patricia Ann Woertz,,,x
,Amy E Hood,,,x
,Dr Dambisa F Moyo,,,x
,"Pamela J Craig ""Pam""",,,x
AbbVie,Richard Gonzalez,x, ,
,Glenn F Tilton,,x,
,"Edward M Liddy ""Ed""",, ,x
,"Frederick H Waddell II ""Rick""",, ,x
,"Edward J Rapp ""Ed""",, ,x
,Roxanne S Austin,, ,x
,Dr Robert J Alpern,, ,x
,William H L Burnside,, ,x
,Brett J Hart,, ,x
,Melody B Meyer,, ,x
,"Rebecca B Roberts ""Becky""",,,x
Capital One Financial,Richard Dana Fairbank,x,,
,Ann Fritz Hackett,,x,
,Mayo A Shattuck III,,,x
,Pierre E Leroy,,,x
,Bradford H Warner,,,x
,Peter E Raskind,,,x
,Catherine G West,,,x
,"Peter Thomas Killalea ""Tom""",,,x
,Aparna Chennapragada,,,x
,"Cornelis J Leenaars ""Eli""",,,x
,Francois Locoh-Donou,,,x
Progressive,Lawton Wehle Fitt,x,,
,"Charles A Davis ""Chuck""",,,x
,Dr Patrick H Nettles Jr,,,x
,"Roger N Farah ""Robert""",,,x
,Stuart B Burgdoerfer,,,x
,"Jeffrey D Kelly ""Jeff""",,,x
,Barbara R Snyder,,,x
,"Susan Patricia Griffith ""Tricia""",,,x
,Philip F Bleser,,,x
,"Pamela J Craig ""Pam""",,,x
,Kahina Van Dyke,,,x
Coca-Cola,James R Quincey,x,,
,"Maria Elena Lagomasino ""Mel""",,x,
,Herbert Anthony Allen Jr,,,x
,"Ronald W Allen ""Ron""",,,x
,Barry Diller,,,x
,Alexis M Herman,,,x
,"Robert A Kotick ""Bobby""",,,x
,Dr Helene D Gayle,,,x
,Ana Botin,,,x
,Marc J Bolland,,,x
,David B Weinberg,,,x
,Christopher C Davis,,,x
,Caroline J Tsay,,,x
Rite Aid,Bruce G Bodaken,x,,
,Marcy Syms,,,x
,Kevin E Lofton,,,x
,Robert E Knowling Jr,,,x
,Arun Nayar,,,x
,Louis Miramontes,,,x
,"Katherine B Quinn ""Kate""",,,x
,"Elizabeth Burr ""Busy""",,,x
,Heyward R Donigan,,,x
Hewlett Packard Enterprise,"Charles V Bergh ""Chip""",x,,
,Dr Shumeet Banerji,,,x
,"Robert R Bennett ""Dob""",,,x
,Stacey J Mobley,,,x
,Dr Stephanie Ann Burns,,,x
,Mary Anne Citrino,,,x
,Dion J Weisler,,,x
,Dr Subra Suresh,,,x
,Stacy Brown-Philpot,,,x
,Aida M Alvarez,,,x
,Yoky Matsuoka,,,x
,Enrique Lores,,,x
Abbott Laboratories,Miles D White,x,,
,William A Osborn,,x,
,Roxanne S Austin,,,x
,Samuel C Scott III,,,x
,Glenn F Tilton,,,x
,Dr Robert J Alpern,,,x
,"Edward M Liddy ""Ed""",,,x
,Phebe N Novakovic,,,x
,Nancy McKinstry,,,x
,Sally E Blount,,,x
,"Daniel J Starks ""Dan""",,,x
,John G Stratton,,,x
,Michelle A Kumbier,,,x
,Lt Gen Darren McDew,,,x
,Robert B Ford,,,x
Twenty-First Century Fox,"Jacques A Nasser ""Jac""",,x,
,Keith Rupert Murdoch,x,,
,Lachlan Keith Murdoch,x,,
,Roland A Hernandez,,,x
,"Charles G Carey ""Chase""",,,x
,Anne Dias,,,x
,Paul D Ryan,,,x
Micron Technology,"Robert E Switz ""Bob""",x,,
,"Robert L Bailey ""Bob""",,,x
,"Patrick J Byrne ""Pat""",,,x
,"Richard M Beyer ""Rich""",,,x
,Sanjay Mehrotra,,,x
,"Steven J Gomo ""Steve""",,,x
,Mary Pat McCarthy,,,x
,Mary Ann Wright,,,x
Travelers,Alan David Schnitzer,x,,
,Janet M Dolan,,,x
,Laurie J Thomsen,,,x
,Alan L Beller,,,x
,Patricia L Higgins,,,x
,Donald James Shepard,,,x
,William J Kane,,,x
,"Philip T Ruegger III ""Pete""",,,x
,Todd C Schermerhorn,,,x
,Clarence Otis Jr,,,x
