Company,Name,Position,
Walmart,"C Douglas McMillon ""Doug""",President/CEO, 
,Michael R Francis,Interim Chief Marketing Officer, 
,M Brett Biggs,Exec VP/CFO, 
,Suresh Kumar,Exec VP/CTO/Chief Development Officer, 
,Janey Whiteside,Exec VP/Chief Customer Ofcr, 
,Steve Bratspies,Exec VP/Chief Merchandising Officer, 
,Daniel Trujillo,Exec VP/Global Chief Ethics & Compliance Ofcr, 
,Enrique Ostale Cambiaso,Exec VP/CEO:International, 
,Dirk Van Den Berghe,Exec VP/CEO:Canada & Asia, 
,John R Furner,Exec VP/Pres & CEO:US, 
,Marc Lore,Exec VP/Pres & CEO:E-Commerce US, 
,Judith McKenna,Exec VP/Pres & CEO:International, 
,Kathryn McLay,Exec VP/Pres & CEO:Sam's Club, 
,Michael P Dastugue,Exec VP/CFO:US, 
,Richard Mayfield,Exec VP/CFO:International, 
,"John Peter Suarez ""JP""",Exec VP/CAO:International,
,Ashley Buchanan,Exec VP/Chief Merchant:US eCommerce,
,Karen Roberts,Exec VP/General Counsel, 
,"James A Barron ""Andy""",Exec VP:Softlines & General Merchandise, 
,"Daniel J Bartlett ""Dan""",Exec VP:Corporate Affairs, 
,Rachel L Brand,Exec VP:Global Governance/CLO/Secy, 
,Todd Harbaugh,Exec VP:Supercenters, 
,Jamie Iannone,Exec VP:Membership & Technology, 
,Mark Ibbotson,Exec VP:Realty & Central Operations, 
,Julie Murphy,Exec VP:People, 
,Charles Redfield,Exec VP:Food, 
,Greg Smith,Exec VP:Supply Chain, 
,Gordon Y Allison,Senior VP/Chief Counsel:Finance & Governance, 
,Nuala O'Connor Kelly,Senior VP/Chief Counsel:Digital Citizenship, 
,Kerri L Ruttenberg,Senior VP:Litigation, 
,"Daniel Binder ""Dan""",VP:Investor Relations, 
Exxon Mobil,Darren W Woods,Chairman/CEO, 
,Andrew P Swiger,Senior VP/CFO, 
,Neil A Chapman,Senior Vice President, 
,Jack P Williams Jr,Senior Vice President, 
,"Stephen M Greenlee ""Steven""",VP/Pres:Upstream Business Dev, 
,Liam M Mallon,VP/Pres:Upstream Oil & Gas, 
,Robert N Schleckser,VP/Treasurer, 
,Randall M Ebner,VP/General Counsel, 
,"James M Spellings Jr ""Jaime""",VP/General Tax Counsel, 
,David S Rosenthal,VP/Controller, 
,Bryan W Milton,Vice President, 
,Karen McKee,Vice President, 
,Neil A Hansen,VP:Investor Relations/Secretary, 
,Tracey C Gunnlaugsson,VP:Human Resources, 
,Suzanne M McCarron,VP:Public & Government Affairs, 
,"Dennis G Wascom ""Jerry""",VP:Operational Excellence, 
,Theodore J Wojnar Jr,VP:Corporate Strategic Planning,
Apple,"Timothy Donald Cook ""Tim""",Chief Executive Officer,
,"Jeffrey E Williams ""Jeff""",Chief Operating Officer,
,Mary Demby,Chief Information Officer,
,"Sir Jonathan Ive ""Jony""",Chief Design Officer,
,Luca Maestri,Senior VP/CFO,
,"Katherine L Adams ""Kate""",Senior VP/Secy/Gen Cnsl, 
,"Eduardo H Cue ""Eddy""",Senior VP:Internet Software & Svcs, 
,Craig Federighi,Senior VP:Software Engineering, 
,John Giannandrea,Senior VP:Machine Learning & AI Strategy, 
,Sabih Khan,Senior VP:Operations, 
,Deirdre O'Brien,Senior VP:Retail & People, 
,"Daniel Riccio ""Dan""",Senior VP:Hardware Engineering, 
,"Philip W Schiller ""Phil""",Senior VP:Worldwide Marketing, 
,Johny Srouji,Senior VP:Hardware Technologies , 
,David Smoley,Vice President, 
,Isabel Ge Mahe,VP & Mng Dir:Greater China, 
,Lisa Perez Jackson,VP:Environment, 
,Tor Myhren,VP:Marketing Communications, 
,Susan Prescott,VP:Product Marketing, 
,Adrian Perica,VP:Corporate Development, 
,Nancy Paxton,Senior Dir:Investor Relations, 
Berkshire Hathaway,Warren E Buffett,Chairman/CEO, 
,"Charles T Munger ""Charlie""",Vice Chairman, 
,"Gregory E Abel ""Greg""",Vice Chairman:Non Insurance Business Ops, 
,Ajit B Jain,Vice Chairman:Insurance Ops, 
,Marc D Hamburg,Senior VP/CFO, 
,Daniel J Jaksich,VP/Controller, 
,Mark D Millard,Vice President, 
,Jo Ellen Rieck,VP:Taxes,
,Rebecca K Amick,Director:Internal Auditing,
,Kerby S Ham,Treasurer,
Amazon.com,"Jeffrey P Bezos ""Jeff""",Chairman/President/CEO/Founder,
,"Andrew R Jassy ""Andy""",CEO:Web Services,
,"Jeffrey A Wilke ""Jeff""",CEO:Worldwide Consumer,
,Brian T Olsavsky,Senior VP/CFO,
,Steven Kessel,Senior Vice President,
,Dave Clark,Senior Vice President,
,David A Zapolsky,Senior VP/Secy/General Counse,
,Jeffrey M Blackburn,Senior VP:Business Development,
,"James Carney ""Jay""",Senior VP:Global Corporate Affairs,
,Paul Kotas,Senior VP:Worldwide Advertising,
,Dr Werner Vogels,VP/CTO,
,Shelley L Reynolds,VP:Worldwide Controller,
,Dave Fildes,Director:Investor Relations,
UnitedHealth Group,"David Scott Wichmann ""Dave""",Chief Executive Officer, 
,Sir Andrew Witty,President/CEO:Optum, 
,Larry C Renfro,Vice Chairman, 
,"Kenneth Ehlert ""Ken""",Chief Scientific Officer, 
,John Franklin Rex,Exec VP/CFO, 
,Patricia L Lewis,Exec VP/Chief Human Resources Officer, 
,Marianne Dolores Short,Exec VP/Chief Legal Officer, 
,D Ellen Wilson,Executive Vice President, 
,"Dr Richard J Migliori ""Dick""",Exec VP:Medical Affairs/Chief Medical Ofcr, 
,Cory B Alexander,Exec VP:Corporate Affairs, 
,Terry M Clark,Senior VP/Chief Mktg Ofcr, 
,"Thomas Roos ""Tom""",Senior VP/Chief Acctg Officer, 
,Jennifer M Whitlow,Senior VP/Chief Communications Ofcr, 
,Peter M Gill,Senior VP/Treasurer, 
,Brett Manderfeld,Senior Vice President, 
McKesson,Dr Brian S Tyler,President/CEO, 
,Chris Dimos,Pres:Retail Solutions, 
,Kirk Kaminsky,Pres:US Pharmaceutical & Specialty Solutions Bus, 
,Nathan Mott,Pres:Rx Technology, 
,Britt Vitalone,Exec VP/CFO, 
,"Kathleen D McElligott ""Kathy""",Exec VP/CTO/CIO, 
,Tracy Faber,Exec VP/Chief Human Resources Office, 
,Bansi Nagji,Exec VP/Chief Strategy & Bus Dev Ofcr, 
,Lori A Schechter,Exec VP/Chief Compliance Ofcr/Gen Cnsl, 
,Brian P Moore,Senior VP/Treasurer, 
,Sundeep Reddy,Senior VP/Controller, 
,Bonnie Jacobs,Senior VP:Brand, 
,Craig Mercer,Senior VP:Investor Relations, 
,Paul Smith,Senior VP:Taxes, 
,Craig Stace,VP:Marketing & Demand Generation, 
,Michele Lau,Secretary,
,Gunderson Dettmer,Legal Counsel,
CVS Health,Larry J Merlo,President/CEO, 
,Sreekanth Chaguturu,Chief Medical Officer, 
,Kathryn Metcalfe,Chief Communications Officer, 
,Eva C Boratto,Exec VP/CFO, 
,"Jonathan C Roberts ""Jon""",Exec VP/COO, 
,Lisa G Bisaccia,Exec VP/Chief Human Resources Ofcr, 
,"Troyen A Brennan ""Troy""",Exec VP/Chief Medical Officer, 
,Dr Alan M Lotvin,Exec VP/Chief Transformation Officer, 
,Thomas M Moriarty,Exec VP/Chief Policy & External Affairs Ofcr/Gen Cnsl, 
,Roshan Navagamuwa,Exec VP/CIO, 
,Karen S Lynch,Exec VP/Pres:Aetna, 
,C Daniel Haron,Executive Vice President, 
,Kevin Hourican,Executive Vice President, 
,John David Joyner,Executive Vice President, 
,Derica W Rice,Executive Vice President, 
,Joshua M Flum,Exec VP:Enterprise Startegy, 
,"Richard C Jelinek ""Rick""",Exec VP:Integration, 
,James D Clark,Senior VP/Chief Acctg Officer/Controller, 
,David Falkowski,Senior VP/Chief Compliance Ofcr, 
,John P Kennedy,Senior VP/Chief Tax Officer, 
,Carol A Denale,Senior VP/Treasurer, 
,Colleen M McIntosh,Senior VP/Secy/Asst Gen Cnsl, 
,Valerie C Haertel,Senior VP:Investor Relations, 
,Adam Pellegrini,Senior VP:Transformation, 
AT&T,Randall L Stephenson,Chairman/CEO,
,John T Stankey,President/COO/CEO:WarnerMedia,
,Angela Santone,Chief Administrative Officer,
,Jeffery McElfresh,CEO:Communications,
,Lori M Lee,CEO:Latin America/Global Marketing Officer,
,Laurent Therivel,CEO:Mexico,
,John J Stephens,Senior Exec VP/CFO,
,David S Huntley,Senior Exec VP/Chief Compliance Ofcr,
,David R McAtee II,Senior Exec VP/General Counsel,
,"William A Blase Jr ""Bill""",Senior Exec VP:Human Resources,
,Chris Sambar,Exec VP:Technology Ops,
,Rick Welday,Exec VP:AT&T Business,
,Jason Porter,Senior VP:FirstNet,
,"Michael J Viola ""Mike""",Senior VP:Investor Relations,
,Maria Lensing,Vice President,
,Stacy Schwartz,VP:Public Safety & FirstNet,
AmerisourceBergen,"Steven H Collis ""Steve""",Chairman/President/CEO, 
,Albert G Morales,Chief Transformation Officer, 
,James Francis Cleary Jr,Exec VP/CFO, 
,John G Chou,Exec VP/Chief Legal & Bus Ofcr, 
,Gina K Clark,Exec VP/Chief Communications & Administration Ofcr, 
,Dale B Danilewitz,Exec VP/CIO, 
,Silvana Battaglia,Exec VP/Chief Human Resources Ofcr, 
,Kathy H Gaddes,Exec VP/Chief Compliance Ofcr, 
,Leslie E Donato,Exec VP/Chief Strategy Officer, 
,"Robert P Mauch ""Bob""",Exec VP/Pres:Pharmaceutical, 
,Rich Tremonte,Exec VP/Pres:Community & Specialty Pharmacy, 
,Sun Park,Exec VP/CFO:Pharmaceutical Distribution, 
,Hyung J Bak,Senior VP/Secretary/General Counsel, 
,Lazarus Krikorian,Senior VP/Controller, 
,Jack F Quinn,VP/Treasurer, 
Chevron,"Michael K Wirth ""Mike""",Chairman/CEO, 
,Mary A Francis,Chief Governance Ofcr/Secretary, 
,"Joseph C Geagea ""Joe""",Exec VP:Technology, 
,"James W Johnson ""Jay""",Exec VP:Upstream, 
,Mark A Nelson,Exec VP:Downstream & Chemicals, 
,Pierre R Breber,VP/CFO, 
,Navin K Mahajan,VP/Treasurer, 
,"R Hewitt Pate ""Hew""",VP/General Counsel, 
,"Charles N Macfarlane ""Sandy""",VP/General Tax Counsel, 
,"David A Inchausti ""Dave""",VP/Comptroller, 
,Colin E Parfitt,VP:Midstream, 
,Rhonda J Morris,VP:Human Resources, 
,Bruce L Niemeyer,VP:Strategic Planning, 
,"J David Payne ""Dave""",VP:Health & Safety, 
,"Joffrey R Pryor ""Jay""",VP:Business Development, 
,Dale Walsh,VP:Corporate Affairs,
,Wayne Borduin,Gen Mgr:Investor Relations,
Ford Motor,"William Clay Ford Jr ""Bill""",Chairman,
,"James P Hackett ""Jim""",President/CEO,
,Tim Stone,Chief Financial Officer,
,Bradley M Gayton,CAO/General Counsel,
,Mitch Bainwol,Chief Government Relations Officer,
,Elena Ford,Chief Customer Experience Officer,
,Hau Thai-Tang,Chief Product Development & Purchasing Officer,
,Kiersten Robinson,Chief Human Resources Officer,
,John Lawler,CEO:Autonomous Vehicles,
,Joy Falotico,Pres:Lincoln/Chief Mktg Ofcr,
,"James D Farley Jr ""Jim""",Pres:New Businesses,
,"Joseph R Hinrichs ""Joe""",Pres:Automotive,
,Mark Ovenden,Pres:International Markets Group,
,Dr Ken Washington,VP:Research/CTO,
,Jeff Lemmer,VP/CIO,
,Kumar A Galhotra,VP/Pres:North America, 
,Cathy O'Callaghan,VP/CFO:Global Market/Controller, 
,David Webb,VP/Treasurer, 
,Jim Baumbick,VP:Enterprise Product Line Mgmt, 
,Nigel Brackenbury,VP:Ford Customer Service, 
,Bob Holycross,VP:Sustainability & Environment, 
,Burt R Jordan,VP:Global Vehicle & Indirect Purchasing, 
,"Kimberly L Pittel ""Kim""",VP:Sustainability, 
,Kevin Legel,VP:Labor Affairs, 
,"Sundeep Madra ""Sunny""",VP:Fordx, 
,David McClelland,VP:Strategy, 
,John F Savona,VP:North American Manufacturing, 
,Lynn Antipas Tyson,Exec Dir:Investor Relations, 
,Roelant De Waard,VP:Marketing/Gen Mgr:Passenger Vehicles, 
,Michael S Sheridan,VP:International Governmental Relations, 
General Motors,Mary T Barra,Chairman/CEO, 
,Mark L Reuss,President, 
,Dhivya Suryadevara,Exec VP/CFO, 
,Deborah Wahl Meyer,Chief Marketing Officer, 
,Craig B Glidden,Exec VP/General Counsel, 
,Barry L Engle,Exec VP/Pres:North America, 
,Gerald Johnson,Exec VP:Global Manufacturing, 
,"Randall D Mott ""Randy""",Exec VP:Global Info Tech/CIO, 
,Doug Parks,Exec VP:Global Product Development, 
,"Matthew Tsien ""Matt""",Exec VP/Pres:China, 
,"Daniel E Berce ""Dan""",Senior VP/Pres & CEO:GM Financial, 
,"Stephen K Carlisle ""Steve""",Senior VP/Pres:Cadillac, 
,"Steven A Kiefer ""Steve""",Senior VP/Pres:South America, 
,Julian Guy Blissett,Senior VP:International Operations, 
,"Kimberly Brycz ""Kim""",Senior VP:Global Human Resources, 
,"Antonio D Cervone ""Tony""",Senior VP:Global Communications, 
,Everett Eissenstat,Senior VP:Global Public Policy, 
,Christopher T Hatto,VP/Chief Acctg Ofcr/Controller, 
,Dave Kuhl,VP:Global Portfolio Planning, 
,Rocky Gupta,VP:Investor Relations/Treasurer, 
,Steve Hill,VP:US Sales & Services, 
,Brian Sweeney,VP:Dealer Operations &??Innovation, 
,Ann N Cathcart Chaplin,Deputy General Cnsl/Chief Compliance Ofcr:Gen Motors, 
Costco Wholesale,W Craig Jelinek,President/CEO, 
,Richard A Galanti,Exec VP/CFO, 
,Paul G Moulton,Exec VP/CIO, 
,Jim C Klauer,Exec VP/COO:Northern , 
,James P Murphy,Exec VP/COO:International, 
,Russ D Miller,Exec VP/COO:Southwest & Mexico, 
,Joseph P Portera,Exec VP/COO:Eastern & Canadian, 
,"Roland Michael Vachris ""Ron""",Exec VP/COO:Merchandising, 
,Pat Callans,Exec VP:Administration, 
,John Sullivan,Senior VP/Secy/Gen Cnsl, 
,"Daniel Hines ""Dan""",Senior VP/Controller, 
,Jeff Abadir,Senior VP/Gen Mgr:BAY Area, 
,Richard Chang,Senior VP/Gen Mgr:Asia, 
,Gino Dorico,Senior VP/Gen Mgr:Eastern Canada, 
,Caton Frates,Senior VP/Gen Mgr:Los Angeles, 
,John B Gaherty,Senior VP/Gen Mgr:Midwest, 
,Jaime Gonzalez,Senior VP/Gen Mgr:Mexico, 
,Jeffrey Long,Senior VP/Gen Mgr:Northeast, 
,Darby Greek,Senior VP/Gen Mgr:Texas, 
,Mario Omoss,Senior VP/Gen Mgr:Northwest, 
,Stephen M Pappas,Senior VP/Gen Mgr:Europe, 
,Pierre Riel,Senior VP/Gen Mgr:Eastern Canadian, 
,Yoram Rubanenko,Senior VP/Gen Mgr:Southeast, 
,David Skinner,Senior VP/Gen Mgr:Western Canada, 
,Rich Wilcox,Senior VP/Gen Mgr:San Deigo, 
,Claudine Adamo,Senior VP:Merchandising, 
,Don Burdick,Senior VP:E-Commerce & Publishing, 
,Richard C Chavez,Senior VP:Industries & Bus Dev, 
,Victor A Curtis,Senior VP:Pharmacy, 
,"Richard Delie ""Rick""",Senior VP:Non-Foods & Ecommerce, 
,Paul W Latham,Senior VP:Marketing & Services, 
,Ali Moayeri,Senior VP:Construction, 
,"Robert Nelson ""Bob""",Senior VP:Financial Planning & IR, 
,James W Rutherford,Senior VP:Information Systems, 
,John Thelan,Senior VP:Depot Operations, 
,David Sherwood,Assistant VP:Finance/IR, 
Alphabet,"Lawrence E Page ""Larry""",CEO/Co-Founder, 
,Sergey Brin,President/Co-Founder, 
,Sundar Pichai,CEO:Google, 
,Ruth Porat,Senior VP/CFO, 
,Philipp Schindler,Senior VP/Chief Business Officer, 
,David C Drummond,Senior VP:Corporate Dev/Chief Legal Ofcr, 
,Amie Thuener O'Toole,VP/Chief Acctg Officer, 
,Ellen West,VP:Investor Relations, 
Cardinal Health,"Michael C Kaufmann ""Mike""",Chief Executive Officer, 
,"David C Evans ""Dave""",Interim CFO, 
,Jessica L Mayer,Chief Legal & Compliance Officer, 
,Ola Snow,Chief Human Resources Officer, 
,Victor L Crawford,CEO:Pharmaceutical Segment, 
,Stephen M Mason,CEO:Medical Segment, 
,Steve Blazejewski,Pres:Medical Solutions, 
,Scott Barnhart,Pres:Global Manufacturing & Supply Chain, 
,"Joseph I Depinto ""Joe""",Pres:Specialty Solutions, 
,Patrick Holt,Pres:Cordis, 
,Tiffany Olson,Pres:Nuclear & Precision, 
,Debbie Weitzman,Pres:US Pharmaceutical Distribution, 
,Brian S Rice,Exec VP/Chief Information Ofcr, 
,Craig Cowman,Exec VP:Global Sourcing, 
,Michele Holcomb,Exec VP:Strategy & Corporate Dev, 
,Bill Owad,Senior VP:Operational Excellence,
,Robert Rajalingam,Senior VP:Strategic Accounts,
,Lisa Capodici,VP:Investor Relations,
Walgreens Boots Alliance,"James A Skinner ""Jim""",Chairman, 
,Stefano Pessina,Vice Chairman/CEO, 
,Ornella Barra,Co-Chief Operating Officer, 
,"Alexander W Gourlay ""Alex""",Co-Chief Operating Officer, 
,Gunjan Bhow,Chief Digital Officer, 
,Annie Murphy,Chief Commercial Officer, 
,James Kehoe,Exec VP/Global CFO, 
,Marco Pagni,Exec VP/Global CAO/General Counsel, 
,Kathleen Wilson-Thompson,Exec VP/Global Chief Human Resources Ofcr, 
,Vineet Mehra,Senior VP/Global Chief Marketing Officer, 
,Heather Dixon,Senior VP/Chief Acctg Ofcr/Controller, 
,"Charles Greener ""Chuck""",Senior VP/Chief Public Affairs Officer, 
,Colin Nelson,Senior VP/Chief Supply Chain Officer, 
,Aaron C Radelet,Senior VP/Chief Communications Officer, 
,Patrick McLean,Senior VP/Chief Marketing Ofcr, 
,Francesco Tinto,Senior VP/Global CIO,
,Gerald Gradwell,Senior VP:Investor Relations,
JPMorgan Chase,"James Dimon ""Jamie""",Chairman/CEO, 
,Gordon A Smith,Co-President/Co-COO/CEO:Consumer, 
,Daniel Eduardo Pinto,Co-President/Co-COO/CEO:Corp & Invsmt Bank, 
,Jennifer A Piepszak,Chief Financial Officer, 
,Ashley Bacon,Chief Risk Officer , 
,Lori A Beer,Chief Information Officer, 
,Kristin Lemkau,Chief Marketing Officer, 
,Andrew Knott,Chief Media Officer, 
,Thasunda Brown Duckett,CEO:Consumer Banking, 
,Mary Callahan Erdoes,CEO:Asset & Wealth Mgmt, 
,Marianne Lake,CEO:Consumer Lending, 
,"Douglas B Petno ""Doug""",CEO:Commercial Banking, 
,Mark W O'Donovan,CEO:Auto Finance, 
,Sarah M Youngwood,CFO:Consumer Banking, 
,Stacey R Friedman,Exec VP/General Counsel, 
,Robin Leopold,Exec VP/Head:Human Resources,
,Peter L Scher,Exec VP/Head:Corporate Responsibility,
,Molly Carpenter,Secretary,
,Nicole Giles,Controller,
,Jason R Scott,Head:Investor Relations,
Verizon Communications,Hans Vestberg,Chairman/CEO, 
,"James J Gerace ""Jim""",Chief Communications Officer, 
,Rose Stuckey Kirk,Chief CSR Officer, 
,"Matthew D Ellis ""Matt""",Exec VP/CFO, 
,Marc Christopher Reed,Exec VP/CAO, 
,Kyle J Malady,Exec VP/CTO, 
,Diego Scotti,Exec VP/Chief Mktg Ofcr, 
,Rima Qureshi,Exec VP/Chief Strategy Ofcr, 
,Ronan James Dunne,Exec VP & CEO:Consumer, 
,Guru Gowrappan,Exec VP/CEO:Verizon Media, 
,David Small,Exec VP:Global Field Ops, 
,Ed Chan,Senior VP/Chief Technology Architect, 
,William Lee Horton Jr,Senior VP/Secy/Dpty Gen Cnsl, 
,"Anthony T Skiadas ""Tony""",Senior VP/Controller, 
,Eric Cevis,Senior VP/Pres:Partner Solutions, 
,George J Fischer,Senior VP/Pres:Enterprise Solutions, 
,George Brady Connor,Senior VP:Investor Relations, 
Kroger,W Rodney McMullen,Chairman/CEO,
,Tim Brown,President:Atlanta,
,Paula Ginnett,President:Mid-Atlantic,
,Sonya Hostetler,Pres:Nashville,
,Ken Deluca,President:Michigan,
,Tom Schwilke,President:Dallas,
,Victor Smith,President:Delta,
,"Michael J Donnelly ""Mike""",Exec VP/COO,
,Gary Millerchip,Senior VP/CFO,
,Yael Cosset,Senior VP/CIO,
,Stuart W Aitken,Senior VP:Alternative Business,
,Calvin J Kaufman,Senior VP:Retail,
,"Stephen M McKinney ""Steve""",Senior VP:Retail,
,Timothy A Massa,Senior VP:Human Resources & Labor,
,"Alessandro Tosolini ""Alex""",Senior VP:New Business Dev,
,"Alessandro Tosolini ""Alex""",Senior VP:New Business Dev, 
,Mark C Tuffin,Senior VP:Retail, 
,Carin Fike,VP/Treasurer, 
,Todd A Foley,VP/Chief Accounting Ofcr/Controller, 
,Christine S Wheatley,VP/Secretary/General Counsel, 
,Jack Breeding,VP:Retail Operations, 
,Gil Phipps,VP:Branding, 
,Keith Dailey,VP:Corporate Affairs, 
,Rebekah Manis,Dir:Investor Relations, 
,Guy Burgstahler,Senior Dir:Customer Experience, 
General Electric,"H Lawrence Culp Jr ""Larry""",Chairman/CEO,
,David L Joyce,Vice Chair/Pres & CEO:Aviation,
,Michael Keroulle,Pres & CEO:Steam Power,
,"Patrick J Byrne ""Pat""",CEO:Digital Business,
,Scott L Strazik,CEO:GE Gas Power,
,Jamie S Miller,Senior VP/CFO,
,"Victor Abate ""Vic""",Senior VP/CTO,
,L Kevin Cox,Senior VP/Chief Human Resources Ofcr,
,Rachel Duan,Senior VP/Pres & CEO:GGO,
,Kieran P Murphy,Senior VP/Pres & CEO:Healthca,
,Russell Stokes,Senior VP/Pres & CEO:Power Portfolio,
,Jennifer Vanbelle,Senior VP/Treasurer,
,"Michael J Holston ""Mike""",Senior VP/Secy/General Counsel,
,Jerome Pecresse,Senior Vice President,
,"Daniel Janki ""Dan""",Senior VP:Bus Transformation,
,Chris Drumgoole,VP/CIO,
,"Christoph Pereira ""Chris""",VP/CRO/Chief Corporate Counsel,
,Jason Oliver,VP/CEO:Additive,
,Linda W Boff,VP:Learning/Chief Mktg & Communications Ofcr,
,"Steven E Winoker ""Steve""",VP:Investor Communications,
,John Godsman,Head:Business Development,
Fannie Mae,Hugh R Frater,Chief Executive Officer, 
,David C Benson,President , 
,Celeste Mellet Brown,Exec VP/CFO, 
,Kimberly H Johnson,Exec VP/COO, 
,"Jeffery R Hayward ""Jeff""",Exec VP/Head:Multifamily , 
,"Stergios Theologides ""Terry""",Exec VP/Secretary/Gen Counsel, 
,Andrew J Bon Salle,Exec VP:Single-Family Business, 
,Elcio Barcelos,Senior VP/Chief Human Resurces Ofcr, 
,Douglas G Duncan,Senior VP/Chief Economist, 
,John S Forlines,Senior VP/Chief Risk Officer, 
,Nancy Jardini,Senior VP/Chief Compliance Ofcr, 
,"J Douglas Watt ""Doug""",Senior VP/Chief Audit Executive, 
,Nadine Bates,Senior VP/Treasurer, 
,Bruce R Lee,Senior VP/Head:Ops & Technology, 
,Stephen H McElhennon,Senior VP/Deputy General Counsel, 
Phillips 66,Greg C Garland,Chairman/CEO, 
,Kevin J Mitchell,Exec VP:Finance/CFO, 
,Paula A Johnson,Exec VP:Legal/Secy/Gen Counsel, 
,"Robert A Herman ""Bob""",Exec VP:Refining, 
,Brian Mandell,Exec VP:Mktg & Commercial, 
,"Timothy D Roberts ""Tim""",Exec VP:Midstream, 
,Zhanna Golodryga,Senior VP/Chief Digital & Administrative Officer, 
,Jay D Churchill,Senior VP:Health & Safety , 
,Sonya Reed,Senior VP:Human Resources, 
,Chukwuemeka A Oyolu,VP/Controller, 
,Jeff Dietert,VP:Investor Relations, 
Valero Energy,"Joseph W Gorder ""Joe""",Chairman/President/CEO, 
,Donna M Titzman,Exec VP/CFO, 
,R Lane Riggs,Exec VP/COO, 
,Jason W Fraser,Exec VP/General Counsel, 
,Lawrence Mark Schmeltekopf,Senior VP/Chief Acctg Officer, 
,Cheryl Thomas,Senior VP:Information Services/CIO, 
,"Richard F Lashway ""Rich""",Senior VP:Corporate Dev & Midstream Ops, 
,Martin Parrish,Senior VP:Alternative Fuels, 
,Gary K Simmons,Senior VP:Supply, 
,Julia Rendon Reinhart,Senior VP:Human Resources, 
,Chris Quinn,VP/Treasurer, 
,"Richard J Walsh ""Rich""",VP/Deputy Gen Cnsl, 
,Ken Applegate,VP:Transportation, 
,"Gregory R Bram ""Greg""",VP:Supply Chain Optimization, 
,Eric Fisher,VP:Wholesale Marketing, 
,Eric Honeyman,VP:Refining Operations,
,J Stephen Gilbert,Secretary/Disclosure & Compliance Officer,
,John P Locke,VP:Investor Relations,
Bank of America,Brian T Moynihan,Chairman/CEO,
,Anne M Finucane,Co-Vice Chairman,
,Thong M Nguyen,Co-Vice Chairman,
,Bruce R Thompson,Co-Vice Chairman,
,Paul M Donofrio,Chief Financial Officer,
,Thomas Kell Montag,Chief Operating Officer,
,Andrea B Smith,Chief Administrative Officer,
,"Catherine P Bessant ""Cathy""",Chief Ops & Technology Officer,
,"Rudolf A Bless ""Rudi""",Chief Accounting Officer,
,Meredith Verdone,Chief Marketing Officer,
,Dean C Athanasia,Pres:Preferred & Small Business,
,"Kathleen A Knox ""Katy""",Pres:US Trust,
,Jason Foster,Pres:North Bay Counties,
,Lee McEntire,Senior VP:Investor Relations,
,Ross Jeffries,Secretary/Deputy Gen Cnsl,
,David G Leitch,Global General Counsel,
Microsoft,Satya Nadella,Chief Executive Officer, 
,"Bradford L Smith ""Brad""",President/Chief Legal Officer, 
,Lindsay-Rae McIntyre,Chief Diversity Officer, 
,Jacky Wright,Chief Digital & Info Ofcr, 
,"Jeffrey Weiner ""Jeff""",CEO:Linkedin, 
,Jennifer Byrne,CTO:US, 
,Amy E Hood,Exec VP/CFO, 
,J Kevin Scott,Exec VP/CTO, 
,Jean-Philippe Courtois,Exec VP/Pres:Global Sales & Mktg, 
,Judson Althoff,Exec VP:Worldwide Commercial Bus, 
,"Christopher C Capossela ""Chris",Exec VP:Marketing/Chief Mktg Ofcr, 
,Kurt DelBene,Exec VP:Corporate Strategy/Chief Digital Ofcr, 
,Kathleen T Hogan,Exec VP:Human Resources/Chief People Officer, 
,Scott Guthrie,Exec VP:Cloud & AI Group, 
,Rajesh Jha,Exec VP:Experiences & Devices, 
,"Margaret L Johnson ""Peggy""",Exec VP:Business Development,
,Phil Spencer,Exec VP:Gaming,
,Dev Stahlkopf,VP/General Counsel,
,Bill Borden,VP:Financial Services,
,Frank H Brod,VP:Finance & Admin/Chief Acctg Ofcr,
,Dr Gregory J Moore,VP:Health Technology & Alliances,
,Patricia Obermaier,VP:US Health & Life Sciences,
,David Rhew,VP:Healthcare/CMO:Worldwide Commercial Business,
,Mary Ellen Smith,VP:Worldwide Business Operations,
,"William F Stasior ""Bill""",VP:Technology,
,Dmitry Khalin,Gen Dir:Development Center/Head:IT Policy,
,Lisa Maki,Gen Mgr:Health Alliance Formation,
,"Michael Spencer ""Mike""",Gen Mgr:Investor Relations,
Home Depot,Craig A Menear,Chairman/President/CEO,
,Haydn Chilcott,President:West,
,Crystal Hanlon,President:North,
,Jeff Kinnaird,President:Canada,
,Hector Padilla,President:South,
,Jose Alberto Rodriguez,President:Mexico,
,Richard McPhail,Exec VP/CFO,
,"Matthew A Carey ""Matt""",Exec VP/CIO,
,Teresa Wynn Roseborough,Exec VP/Secy/Gen Cnsl,
,"Edward P Decker ""Ted""",Exec VP:Merchandising,
,Mark Q Holifield,Exec VP:Supply Chain & Product Dev,
,"Timothy A Hourigan ""Tim""",Exec VP:Human Resources,
,"William G Lennie ""Bill""",Exec VP:Outside Sales & Svcs,
,Ann-Marie Campbell,Exec VP:US Stores,
,Jose Barra,Senior VP:Merchandising Decor,
,Giles Bowman,Senior VP:Merchandising Building Materials,
,Marc Brown,Senior VP:Store Operations,
,John Deaton,Senior VP:Supply Chain,
,Jim Hovis,Senior VP:Brand & Product Dev,
,Jeanine Huebner,Senior VP:Hardlines,
,Shane O'Kelly,Senior VP:Outside Sales & Svcs/CEO:Interline,
,Isabel Janci,VP:Investor Relations,
Boeing,Dennis A Muilenburg,President/CEO, 
,Donna J Hrinak,Pres:Boeing Canada, 
,Bob Cantwell,Pres:Vancouver/Mng Dir:Canada, 
,"Stan A Deal ""Stan""",Exec VP/President & CEO:Commercial Airplanes, 
,Leanne G Caret,Exec VP/Pres & CEO:Defense, 
,"J Michael Luttig ""Mike""",Exec VP/Senior Advisor, 
,"Timothy J Keating ""Tim""",Exec VP:Government Operations, 
,"Gregory D Smith ""Greg""",Exec VP:Enterprise Performance/CFO, 
,Brett C Gerry,Senior VP/General Counsel, 
,Dr Greg L Hyslop,Senior VP:Engg Test & Tech/CTO, 
,Heidi B Capozzi,Senior VP:Human Resources, 
,Jenette E Ramos,Senior VP:Manufacturing, 
,Diana L Sands,Senior VP:Office of Internal Governance, 
,Anne C Toulouse,Senior VP:Communications, 
,Vishwa Uddanwadiker,Senior VP:Information Technology /CIO, 
,Kim Smith,VP/Gen Mgr:Fabrication, 
,Steve Parker,VP & Gen Mgr:Vertical Lift & Defense, 
,Ernesto Gonzalez-Beltranas,VP:Commercial Airplanes Total Quality, 
,Beth Pasztor,VP:Product & Services Safety, 
,"Christopher Raymond ""Chris""",VP:Enterprise Strategy, 
,Maurita Sutedja,VP:Investor Relations, 
,Dan Gillian,VP:US Govt Services, 
Wells Fargo,"Charles W Scharf ""Charlie""",President/CEO, 
,Gary C Owen,Chief Information Security Officer/Head:Information Security, 
,"William M Daley ""Bill""",Vice Chairman:Public Affairs, 
,John R Shrewsberry,Senior Exec VP/CFO, 
,"Amanda G Norton ""Mandy""",Senior Exec VP/CRO, 
,Saul Van Beurden,Senior Exec VP/Head:Technology, 
,Derek Flowers,Senior Exec VP/Head:Strategic Execution & Ops, 
,David C Galloreese,Senior Exec VP/Head:Human Resources, 
,C Allen Parker,Senior Exec VP/General Counsel, 
,Avid Modjtabai,Senior Exec VP & Head:PVSI, 
,Mary Tabb Mack,Senior Exec VP:Consumer Banking, 
,"Petros G Pelos ""Perry""",Senior Exec VP:Wholesale Banking, 
,Jonathan Geoffrey Weiss,Senior Exec VP:Wealth & Invsmt Mgmt, 
,Douglas R Edwards,Exec VP/Interim General Counsel, 
,"Richard D Levy ""Rich""",Exec VP/Controller, 
,Mark Myers,Exec VP/Head:Commercial Real Estate, 
,Paul Whyte,Mng Dir:CIB & CRF, 
,John M Campbell,Head:Investor Relations, 
Citigroup,"Michael L Corbat ""Mike""",Chief Executive Officer,
,Jane Fraser,President/CEO:Global Consumer Banking,
,Mark Mason,Chief Financial Officer,
,Raja J Akram,Chief Accounting Ofcr/Controller,
,Mark Carawan,Chief Compliance Officer,
,"Bradford Hu ""Brad""",Chief Risk Officer,
,"Valerie Smith ""Val""",Chief Sustainability Officer,
,David Livingstone,CEO:EMEA,
,Peter Babej,CEO:Asia-Pacific,
,Ernesto Torres Cantu,CEO:Latin America,
,Mary MCNIFF,CEO:Citibank NA,
,Kristine Braden,Chief of Staff:CEO,
,"Edward Skyler ""Ed""",Exec VP:Global Public Affairs,
,Jason Harvey,Mng Dir/Head:Asia Markets,
,Elizabeth Lynn,Mng Dir:Investor Relations,
,Rohan Seneka Weerasinghe,Secretary/General Counsel,
,Michael Parker,Global Head:Shipping & Logistics,
,Hamish Summerfield,Global Head:Asset Management,
,Jason Rekate,Global Head:Corporate Banking,
,Serra Akcaoglu,Head:Global Subsidiaries Group,
,Rafael Serrano,Head:Latam Commodities,
,Susan Shakespeare,Head:UK Consumer Business,
,Anne-Maree Tassell,Head:Operations & Technology,
,Sara Wechter,Head:Human Resources,
,Mike Whitaker,Head:Enterprise Ops & Technology,
Marathon Petroleum,Gary R Heminger,Chairman/CEO, 
,"Gregory J Goff ""Greg""",Vice Chairman, 
,Fiona C Laird,Chief Human Resources Officer, 
,Donald C Templin,Exec VP/CFO, 
,"Anthony R Kenney ""Tony""",Exec VP:Speedway, 
,Raymond L Brooks,Exec VP:Refining, 
,C Tacy Case,Senior VP:Western Refining Operations, 
,Rick D Hessling,Senior VP:Crude Oil Supply, 
,Richard A Hernandez,Senior VP:Eastern Refining Operations, 
,Brian K Partee,Senior VP:Marketing, 
,"David Sauber ""Dave""",Senior VP:Labor Relations, 
,David L Whikehart,Senior VP:Light Products, 
,Molly R Benson,VP/Chief Securities Ofcr/Secy, 
,Donald W Wehrly,VP/CIO, 
,John J Quaid,VP/Controller, 
,Suzanne Gagle,VP/General Counsel,
,Tom Kaczynski,VP:Finance/Treasurer,
,Kristina Kazarian,VP:Investor Relations,
,David R Heppner,VP:Commercial & Business Development,
,Rick Linhardt,VP:Tax,
,Karma M Thomson,VP:Corporate Affairs,
,James R Wilkins,VP:Environment,
Comcast,Brian L Roberts,Chairman/CEO, 
,Michael J Cavanagh,Senior Exec VP/CFO, 
,David L Cohen Esq,Senior Exec VP/Chief Diversity Ofcr, 
,"Thomas J Reid ""Tom""",Senior Exec VP/Secy/General Counsel, 
,"Stephen B Burke ""Steve""",Senior Exec Vice President, 
,"David N Watson ""Dave""",Senior Exec Vice President, 
,D'Arcy Foster Rudnay,Exec VP/Chief Communications Ofcr, 
,"Robert Eatroff ""Bob""",Exec VP:Global Corp Development & Strategy, 
,Geoffrey Sands,Exec VP:Corporate Strategy, 
,"Kathryn A Zachem ""Kathy""",Exec VP:Regulatory Affairs, 
,"Daniel C Murdock ""Dan""",Senior VP/Chief Acctg Ofcr/Controller, 
,Noopur Davis,Senior VP/Chief Product Officer, 
,"William E Dordelman ""Bill""",Senior VP/Treasurer, 
,Lisa Bonnell,Senior VP/General Auditor, 
,Francis M Buono,Senior VP:Legal Regulatory Affairs, 
,Amy Lynch,Senior VP:Mountain West Region, 
,Rodrigo Lopez,Senior VP:Washington, 
,Fraser Stirling,Senior VP:Digital Home Devices, 
,Dalila Wilson-Scott,Senior VP:Community Impact, 
,Matthew Zelesko,Senior VP:Entertainment Products/Chief Software Ofcr, 
,"Kenneth Folderauer ""Ken""",VP:Federal Government Sales, 
,Toni Murphy,VP:Marketing, 
,Aaron Mimran,VP:Business, 
,David Tashjian,VP:Oregon SW Washington, 
,Robert Brenner,VP:Washington, 
Anthem,Gail Koziara Boudreaux,President/CEO,
,Rajeev Ronanki,Senior VP/Chief Digital Officer,
,John E Gallina,Exec VP/CFO,
,Gloria M McCarthy,Exec VP/CAO,
,"Jacquelyn H Wolf ""Jackie""",Exec VP/Chief Human Resources Ofcr,
,"Peter D Haytaian ""Pete""",Exec VP/Pres:Commercial & Speciality Bus,
,Felicia Norwood,Exec VP/Pres:Government Business,
,Dr Prakash R Patel,Exec VP/Pres:Diversified Business,
,Thomas C Zielinski,Exec VP/General Counsel,
,Ronald W Penczek,Senior VP/Chief Acctg Officer,
,Chris Rigg,VP:Investor Relations,
,Kathleen S Kiefer,Secretary,
Dell Technologies,Allison Dew,Chief Marketing Officer,
,Mohammed Amin,Sr VP:MERAT,
,Vangelis Lagousakos,Senior Director:MERAT Channel,
DuPont de Nemours,"Edward D Breen ""Ed""",Chairman, 
,C Marc Doyle,Chief Executive Officer, 
,Jeanmarie F Desmond,Chief Financial Officer, 
,Matthias Heinzel,Pres:Nutrition & Biosciences, 
,Jon D Kemp,Pres:Electronics & Imaging Business, 
,Rose Lee,Pres:Safety & Construction Business, 
,Randy L Stone,Pres:Transportation & Industrial  Bus, 
,Alexa Dembek,Senior VP/CTO, 
,Darrell Ford,Senior VP/Chief Human Resource Officer, 
,Steven Larrabee,Senior VP/Chief Information Officer, 
,Raj Ratnakar,Senior VP/Chief Strategy Ofcr, 
,Daryl Roberts,Senior VP/Chief Ops & Engineering Ofcr, 
,Erik T Hoover,Senior VP/General Counsel, 
,Michael Goss,Controller, 
Johnson & Johnson,Alex Gorsky,Chairman/CEO, 
,Ronald A Kapusta,Chief Acctg Officer/Controller, 
,Joaquin Duato,Vice Chairman:Exec Committee, 
,Dr Paulus Stoffels,Vice Chairman:Exec Committee/Chief Scientific Offcr, 
,Joseph Wolk,Exec VP/CFO, 
,Peter M Fasolo,Exec VP/Chief Human Resources Ofcr, 
,Ashley McEvoy,Exec VP/Worldwide Chairman:Medical Devices, 
,Thibaut Mongon,Exec VP/Worldwide Chairman:Consumer, 
,Jennifer Taubert,Exec VP/Worldwide Chairman:Pharmaceuticals, 
,"Kathryn E Wengel ""Kathy""",Exec VP/Chief Global Supply Chain Ofcr, 
,Michael H Ullmann,Exec VP/General Counsel, 
,Michael Sneed,Exec VP:Corporate Affairs/Chief Communication Ofcr, 
,Chris Delorefice,VP:Investor Relations, 
,Michelle R Ryan,Treasurer, 
IBM,"Virginia M Rometty ""Ginni""",Chairman/President/CEO, 
,"Raymond F Day ""Ray""",Chief Communications Officer, 
,Jacqueline Woods,Chief Marketing Officer:Partner Ecosystem, 
,"Bill Le Voir ""Barry""",CTO:Esports, 
,Dr John E Kelly III,Executive Vice President, 
,"James J Kavanaugh ""Jim""",Senior VP/CFO, 
,Diane J Gherson,Senior VP/Chief Human Resources Ofcr, 
,Martin Jetter,Senior VP/Chair:IBM Europe, 
,Michelle A Peluso,Senior VP:Digital Sales/Chief Mkt Ofcr, 
,Michelle H Browdy,Senior VP:Legal/General Counsel, 
,Mark Foster,Senior VP:Global Business Services, 
,John Granger,Senior VP:Cloud Application Innovation, 
,Bridget A Van Kralingen,Senior VP:Global Industries, 
,"Kenneth M Keverian ""Ken""",Senior VP:Corporate Strategy, 
,Arvind Krishna,Senior VP:Cloud & Cognitive Software, 
,"Robert W Lord ""Bob""",Senior VP:Cognitive Applications, 
,"Robert J Picciano ""Bob""",Senior VP:Cognitive Systems, 
,"Thomas W Rosamilia ""Tom""",Senior VP:IBM Systems, 
,Martin J Schroeter,Senior VP:Global Markets, 
,Juan A Zufiria Zatarain,Senior VP:Global Technology Services, 
,Christina M Montgomery,VP/Chief Privacy Officer, 
,Frank Sedlarcik,VP/Secretary/Asst General Counsel, 
,Robert Del Bene,VP/Controller, 
,Patricia Murphy,VP:Investor Relations, 
,Dr Heather Hinton Phd,VP/Distinguished Engineer, 
,Simon J Beaumont,VP:Tax/Treasurer, 
Target,Brian C Cornell,Chief Executive Officer, 
,Michael J Fiddelke,Exec VP/CFO, 
,John J Mulligan,Exec VP/COO, 
,"Richard H Gomez ""Rick""",Exec VP/Chief Mktg & Digital Officer, 
,Melissa Kremer,Exec VP/Chief Human Resources Officer, 
,Don H Liu,Exec VP/Chief Legal & Risk Ofcr, 
,"Michael E McNamara ""Mike""",Exec VP/Chief Information Ofcr, 
,Minsok Pak,Exec VP/Chief Strategy & Innovation Ofcr, 
,Arthur Valdez Jr,Exec VP/Chief Supply Chain & Logistics Ofcr, 
,Laysha L Ward,Exec VP/Chief External Engagement Ofcr, 
,Stephanie A Lundquist,Exec VP/Pres:Food & Beverage, 
,Rich Agostino,Senior VP/Chief Information Security Ofcr, 
,Katie Boylan,Senior VP/Chief Communications Officer, 
,Robert M Harrison,Senior VP/Chief Acctg Officer/Controller, 
,Todd Waterbury,Senior VP/Chief Creative Officer, 
,Christina Hennington,Interim Sr VP/Interim Gen Mgr:Merchandising,
,Jill Sando,Interim Sr VP/Interim Gen Mgr:Merchandising,
,John Hulbert,VP:Investor Relations,
Freddie Mac,David M Brickman,President/CEO, 
,"James G Mackey ""Jim""",Exec VP/CFO, 
,Jerry Weiss,Exec VP/CAO, 
,Anil D Hinduja,Exec VP/Chief Enterprise Risk Ofcr, 
,Frank Nazzaro,Exec VP/CIO, 
,Deborah Jenkins,Exec VP/Head:Multifamily, 
,Michael Thomas Hutchins,Exec VP:Investments & Capital Markets, 
,"Christina K Boyle ""Chris""",Senior VP/Chief Client Ofcr-Single, 
,Donald Kish,Senior VP/Chief Acctg Ofcr/Controller, 
,John Krenitsky,Senior VP/Chief Compliance Ofcr, 
,Timothy Kitt,Senior VP/Head:Pricing & Execution, 
,Donna Corley,Senior VP & Chief Risk Ofcr:Single Family Bus, 
,Charlotte Catalfo,Senior VP:Enterprise Operations, 
,Kevin Palmer,Senior VP:Single-Family Portfolio Mgmt, 
,Richard C Martinez,Senior VP:Multifamily Production & Sales, 
,Steve Lansbury,Senior VP:Multifamily Underwriting & Credit,
,Jacqueline M Welch,Senior VP:Hrdi/Chief Diversity Ofcr,
,Michael Case,VP:Capital Markets Pricing,
,Catherine Evans,VP:SBL Underwriting,
,Gina Healy,VP:Credit Risk Transfer,
,Shaun Khalfan,VP:Information Security,
,Geri Borger Urgo,VP:Production & Sales,
,Rick Lang,VP:Loan Advisor Integration Strategy,
,Amanda Nunnink,VP:Investor Relations,
United Parcel Service,David P Abney,Chairman/CEO,
,Ernie Caballero,Chief Investment Officer,
,Charlene Thomas,Chief Human Resources Officer,
,Kevin M Warren,Chief Marketing Officer,
,Nando Cesarone,Pres:UPS International,
,Jean-Francois Condamine,Pres:Growth & Emerging Markets,
,Philippe Gilbert,Pres:Supply Chain Solutions,
,Kk Leung,Pres:North Asia District,
,Jeffery Scott McCorstin,Pres:Global Brokerage & Customs,
,Ross McCullough,Pres:Asia Pacific,
,Lou Rivieccio,Pres:European Operations,
,Romaine M Seguin,Pres:Global Freight Forwarding,
,Rami Suleiman,Pres:ISMEA,
,Michelle Ho,Pres:China,
,George Willis,Pres:US Operations,
,"James Jay Barber Jr ""Jim""(Pe",Senior VP/COO, 
,Brian Newman,Senior VP/CFO/Treasurer, 
,"Kathleen M Gutmann ""Kate""",Senior VP/Chief Sales & Solutions Ofcr/Founder, 
,Scott A Price,Senior VP/Chief Transformation Officer, 
,Norman M Brothers Jr,Senior VP/Secretary/Gen Counsel, 
,Mark R Wallace,Senior VP:Global Engg & Sustainability, 
,Scott Childress,Investor Relations Officer, 
Lowe's,Marvin Ralph Ellison,President/CEO, 
,Jose Luis Pier Castello,Pres & Mng Dir:Mexico, 
,"Michael R Amend ""Mike""",Pres:Online, 
,"Anthony T Hurst ""Tony""",Pres:West, 
,Tony Cioffi,Interim Pres & CEO:Canada/Pres:Intl/Exec VP:Finance, 
,"David M Denton ""Dave""",Exec VP/CFO, 
,Seemantini Godbole,Exec VP/CIO, 
,"Ross W McCanless ""Bill""",Exec VP/Secy/Gen Cnsl, 
,"William P Boltz ""Bill""",Exec VP:Merchandising, 
,Donald E Frieson,Exec VP:Supply Chain, 
,"Joseph McFarland III ""Joe""",Exec VP:Stores, 
,Jennifer L Weber,Exec VP:Human Resources, 
,Matthew V Hollifield,Senior VP/Chief Acctg Officer, 
,Vikram Singh,Senior VP/Chief Digital Officer, 
,"Jeffrey R Vining ""Jeff""",Senior VP/Chief Compliance Ofcr, 
,Jocelyn Wong,Senior VP/Chief Mktg Ofcr, 
,James A Brandt,Senior VP/Mng Dir:India, 
,J Todd Bleckley,Senior VP/Gen Merchandising Mgr:Hardlines, 
,Jeff Epstein,Senior VP/Gen Merchandising Mgr:Home Decor, 
,Michael A Tummillo,Senior VP/Gen Merchandising Mgr:Building Products, 
,Tiffany L Mason,Senior VP:Finance/Treasurer, 
,Timothy L Cooksey,Senior VP:Enterprise Strategic Sourcing, 
,Vincent Scalese,Senior VP:Store Operations, 
,Kelly Kent,Senior VP:Human Resources, 
,"Robert F Posthauer ""Rob""",Senior VP:Global Merchandising, 
,Margi Vagell,Senior VP:Store Merchandising, 
,Heather Hollander,Dir:Investor Relations & Strategic Assessment, 
Intel,Andy D Bryant,Chairman, 
,"Robert Holmes Swan ""Bob""",Chief Executive Officer, 
,Dr Venkata S M Renduchintala ,Pres:Technology/Chief Engineering Ofcr, 
,George S Davis,Exec VP/CFO, 
,Sandra Rivera,Exec VP/Chief People Officer, 
,"Steven R Rodgers ""Steve""",Exec VP/General Counsel, 
,Gregory M Bryant,Exec VP/Gen Mgr:Client Computing, 
,Leslie S Culbertson,Exec VP/Gen Mgr:Product Assurance & Security, 
,Michelle Johnston Holthaus,Exec VP/Gen Mgr:sales, 
,Navin Shenoy,Exec VP/Gen Mgr:Data Center Group, 
,"Dr Michael C Mayberry ""Mike""",Senior VP/CTO/Gen Mgr:Tech Dev, 
,Karen Walker,Senior VP/Chief Marketing Officer, 
,Wendell R Brooks,Senior VP/Pres:Intel Capital, 
,Allon Stabinsky,Senior VP/Chief Deputy Gen Counsel:Law & Policy, 
,Dr Craig H Barratt,Senior VP/Gen Mgr:Connectivity, 
,Robert B Crooke,Senior VP/Gen Mgr:NVM Solutions, 
,Douglas L Davis,Senior VP/Gen Mgr:Automated Driving, 
,Dr Ann B Kelleher,Senior VP/Gen Mgr:Manufacturing & Ops, 
,Jim Keller,Senior VP/Gen Mgr:Silicon Engg, 
,"Thomas P Lantzsch ""Tom""",Senior VP/Gen Mgr:IOT, 
,Daniel McNamara,Senior VP/Gen Mgr:Programmable Solutions, 
,Joshua M Walden,Senior VP/Gen Mgr:Product Assurance, 
,Prof Amnon Shashua,Senior Vice President, 
,Raja Koduri,Senior VP:Core & Visual Computing/Chief Architect, 
,Claire E Dixon,VP/Chief Communications Officer, 
,Paula Tolliver,VP/Chief Information Officer, 
,Sharon L Heck,VP/Chief Tax Officer/Treasurer, 
,Susie Giordano,VP/Secretary, 
,Dan Rodriguez,VP/Gen Mgr:Network Compute, 
,Dr Naveen Rao,VP/Gen Mgr:Artificial Intelligence Products, 
,Amir Khosrowshahi,VP & CTO:AI Products Group,
,Teresa Herd,VP & Director:Global Creative,
,Lorie Wigle,VP:Graphics & Software,
,Mark H Henninger,VP:Finance/Dir:Investor Relations,
,Todd M Underwood,VP:Finance,
MetLife,Michel Khalaf,President/CEO,
,Marlene B Debel,Chief Risk Officer,
,Patrik Ringstroem,Chief Strategy Officer,
,"Randolph J Clerihue ""Randy""",Chief Communications Officer,
,Tim Ring,Chief Sustainability Officer,
,Kishore Ponnavolu,Pres:Asia,
,Oscar Schmidt,Pres:Latin America,
,Ramy Tadros,President:US Business,
,"William O'Donnell ""Bill""",CFO:US,
,John McCallion,Exec VP/CFO,
,"Steven J Goulart ""Steve""",Exec VP/Chief Investment Ofcr,
,Esther Lee,Exec VP/Global Chief Mktg Ofcr,
,Susan Podlogar,Exec VP/Chief Human Resources Ofcr,
,Tamara L Schock,Exec VP/Chief Accounting Ofcr,
,Stephen W Gauster,Exec VP/General Counsel,
Procter & Gamble,David S Taylor,Chairman/President/CEO, 
,Jon R Moeller,Vice Chairman/CFO/COO, 
,Deborah Platt Majoras,CLO/Secretary, 
,Philip J Duncan,Chief Design Officer, 
,"Kathleen B Fish ""Kathy""",Chief Research Dev & Innovation Ofcr, 
,Tracey Grabowski,Chief Human Resources Officer, 
,Julio Nemeth,Chief Product Supply Officer, 
,Javier Polit,Chief Information Officer, 
,Marc S Pritchard,Chief Brand Officer, 
,Kirti V Singh,Chief Analytics & Insights Ofcr, 
,Gary A Coombe,CEO:Grooming, 
,Fama V Francisco,CEO:Baby & Feminine Care, 
,Mary Lynn Ferguson-McHugh,CEO:Family Care & P&G Ventures, 
,R Alexandra Keith,CEO:Beauty, 
,Shailesh G Jejurikar,CEO:Fabric & Home Care, 
,"Steven D Bishop ""Steve""",CEO:Health Care, 
,Carolyn M Tastad,Pres:North America/Chief Sales, 
,Laura Becker,Pres:Global Business Services, 
,Jennifer Davis,Pres:Global Feminine Care, 
,"Thomas M Finn ""Tom""",Pres:Personal Health Care, 
,Henry Karamanoukian,Pres:Go-to-Market, 
,Juan Fernando Posada,Pres:Latin America Selling & Market Ops, 
,Matthew S Price,Pres:Greater China Selling & Market Ops, 
,Sundar Raman,Pres:Fabric Care North American, 
,Markus Strobel,Pres:Global Skin & Personal Care, 
,Loic Tassel,Pres:Europe Selling & Market Ops, 
,Valarie L Sheppard,Exec VP/Treasurer/Controller, 
,Mindy Sherwood,Pres:Global Walmart, 
,Shelly McNamara,Senior VP:Human Resources/Chief Diversity & Inclusion Ofcr, 
,Monica Turner,Senior VP:North America Sales, 
,Craig Buchholz,VP:Communication/Chief Communication Ofcr, 
,John Chevalier,VP:Investor Relations, 
United Technologies,"Gregory J Hayes ""Greg""",Chairman/President/CEO, 
,Neil G Mitchill Jr,Acting CFO, 
,Mario Montag,Chief Data & Analytics Officer, 
,Alain M Bellemare,CEO:Propulsion & Aerospace Systems, 
,"Robert K Ortberg ""Kelly""",CEO:Collins Aerospace, 
,"Robert Francis Leduc ""Bob""",Pres:Pratt & Whitney, 
,"Judith F Marks ""Judy""",Pres & CEO:Otis Elevator, 
,David L Gitlin,Pres & CEO:Carrier, 
,"Timothy R McLevish ""Tim""",CFO:Carrier, 
,Elizabeth B Amato,Exec VP/Chief Human Resources Ofcr, 
,Charles D Gill,Exec VP/General Counsel, 
,Michael R Dumais,Exec VP:Operations & Strategy, 
,Vince Campisi,Senior VP/Chief Digital Ofcr, 
,Kelli Parsons,Senior VP/Chief Communications Ofcr, 
,"Timothy J McBride ""Tim""",Senior VP:Govt Relations, 
,David R Whitehouse,VP/Treasurer,
,Peter J Graber-Lipperman,VP/Secretary/Assoc Gen Counsel,
,Ajay Agrawal,VP:Strategy & Services,
,Gail Baker,VP:Aftermarket Services,
,John Paul Clarke,VP:Strategic Technologies,
,Carroll Lane,VP:Investor Relations,
,Bryan K Pollard,General Counsel,
FedEx,"Frederick Wallace Smith ""Fred""",Chairman/CEO/Founder,
,"Rajesh Subramaniam ""Raj""",President/COO,
,Alan B Graf Jr,Exec VP/CFO,
,Jill Brannon,Exec VP/Chief Sales Ofcr,
,Brie Carere,Exec VP/Chief Mktg & Communication Ofcr,
,Mark R Allen,Exec VP/Secy/Gen Counsel,
,Robert B Carter,Exec VP:Information Services/CIO,
,Judith H Edge,VP:Human Resources,
,"A Mickelson Foster ""Mickey""",VP:Investor Relations,
PepsiCo,Ramon L Laguarta,Chairman/CEO,
,Hugh F Johnston,Vice Chairman/Exec VP/CFO,
,Umran Beba,Chief Global Diversity Engagement & Talent Officer,
,Ram Krishnan,Chief Commercial Ofcr/CEO:Greater China,
,Simon David Lowden,Chief Sustainability Officer,
,Silviu Eugeniu Popovici,CEO:Essa,
,Paula Santilli,CEO:Latin America,
,Kirk Tanner,CEO:North America Beverages,
,Eugene Willemsen,"CEO:Africa,Middle East,South Africa",
,Steven Williams,CEO:Frito-Lay North America,
,Anne Fink,Pres:Global Foodservice,
,Seth Kaufman,Pres:North America Nutrition,
,Roberto Martinez,Pres:Mexico Foods,
,Luis Montoya,Pres:Latin America Beverages,
,Andy Williams,Pres:Global Beverages & Franchise,
,"James P Andrew ""Jim""",Exec VP/Chief Strategy & Transformation Ofcr, 
,Rene Lammers,Exec VP/Chief Science Officer, 
,Ronald Adrianus Wilhelmus Sch,Exec VP/Chief Human Resources Ofcr, 
,Jon Banner,Exec VP:Global Communications, 
,Grace Puma Whiteford,Exec VP:Global Operations, 
,"David Yawman ""Dave""",Exec VP:Govt Affairs/Secy/Gen Cnsl, 
,Marie T Gallagher,Senior VP/Controller, 
,Jamie Caulfield,Senior VP:Investor Relations, 
,Mauro Porcini,Senior VP/Chief Design Officer, 
,Gibu Thomas,Senior VP/Head:e-Commerce, 
Archer Daniels Midland,Juan Ricardo Luciano,Chairman/President/CEO, 
,"Benjamin I Bard ""Ben""",Chief Compliance Officer, 
,Patricia L Logan,Chief Audit Executive, 
,Chris Boerm,Pres:Transportaion & Grain Business, 
,Pierre-Christophe Duprat,Pres:Animal Nutrition, 
,Kevin Like,Pres:North America Flour Milling, 
,Domingo A Lastra,Pres:South America, 
,Thuy-Nga T Vo,Chief Counsel:Securities/Asst Secy, 
,Ray G Young,Exec VP/CFO, 
,Dr Todd Werpy,Senior VP/CTO, 
,Kristy Folkwein,Senior VP/CIO, 
,Michael M D'Ambrose,Senior VP/Chief Human Resources Ofcr, 
,"Christopher M Cuddy ""Chris""",Senior VP/Pres:Carbohydrate Solutions, 
,Vikram Luthar,Senior VP/Pres:Health & Wellness, 
,"Gregory A Morris ""Greg""",SENIOR VP/PRES:Agricultural Svcs & Oilseeds Business, 
,"Vincent F Macciocchi ""Vince""",Senior VP/Pres:Nutrition,
,Ismael Roig,Senior VP/Pres:ADM EMEA/Chief Sustainability Ofcr,
,Stefano Rettore,Senior VP/Pres:Origination/CRO,
,"Joseph Daniel Taets ""Joe""",Senior VP/Pres:Global Business Readiness,
,Donald Cameron Findlay,Senior VP/Secy/General Counsel,
,John P Stott,VP:Finance/Chief Acctg Ofcr,
,Adriana Guiry,VP:Global Business Services,
,Shannon S Herzfeld,VP:Government Relations,
,Ian P Pinner,VP:Growth & Strategy,
,Mark Schweitzer,VP:Investor Relations,
Prudential Financial,Charles F Lowrey,Chairman/CEO,
,"Robert Michael Falzon ""Rob""",Vice Chairman,
,Brad Hearn,President:Prudential Advisors,
,Ken Tanji,Exec VP/CFO,
,Stacey Goodman,Exec VP/Chief Information Ofcr,
,Scott G Sleyster,Exec VP/COO:International Business,
,Stephen Pelletier,Exec VP/COO:US Businesses,
,Andrew Sullivan,Exec VP/Head:US Businesses,
,Timothy P Harris,Exec VP/General Counsel,
,Naveen Agarwal,Senior VP/Chief Marketing Officer,
,Lucien A Alziari,Senior VP/Chief Human Resources Officer,
,"Timothy Schmidt ""Tim""",Senior VP/Chief Investment Ofcr,
,"Nicholas C Silitch ""Nick""",Senior VP/Chief Risk Officer,
,Candace J Woods,Senior VP/Chief Actuary,
,Michael Domingos,VP:National Distribution Markets,
,Darin C Arita,Senior VP:Investor Relations,
,Theresa Molloy,VP:Corporate Governance,
,Nandini Mongia,Treasurer,
Centene,Michael F Neidorff,Chairman/President/CEO,
,Shannon Bagley,Chief Administrative & Markets ,
,J Brian Ternan,Pres & CEO:Health Net California,
,"Jeffrey A Schwaneke ""Jeff""",Exec VP/CFO/Treasurer,
,Mark J Brooks,Exec VP/CIO,
,Jesse N Hunter,Exec VP/Chief Strategy Ofcr,
,Brent Layton,Exec VP/Chief Development Ofcr,
,Keith H Williamson,Exec VP/Secy/Gen Cnsl,
,Brandy Burkhalter,Exec VP:Operations,
,David P Thomas,Exec VP:Markets,
,Christopher R Isaak,Senior VP/Chief Acctg Officer/Controller,
,Kevin J Counihan,Senior VP:Products,
,Matthew Snyder,Senior VP:Internal Audit & Compliance,
,Patrick J Frawley,Senior VP:Social Responsibility,
,Edmund E Kroll Jr,Senior VP:Investor Relations,
Albertsons,Vivek Sankaran,President/CEO, 
,Robert C Taylor Jr,CEO:United, 
,Todd Broderick,Pres:Denver Division, 
,John Colgrove,Pres:Intermountain, 
,Gineal Davidson,Pres:Portland, 
,Paul Gossett,Pres:Jewel-Osco, 
,Michelle Larson,Pres:Shaws & Star Market, 
,Tom Lofland,Pres:Eastern, 
,Karl Schroeder,Pres:Seattle, 
,Brad Street,Pres:Norcal, 
,"Robert B Dimond ""Bob""",Exec VP/CFO, 
,Anuj Dhanda,Exec VP/CIO, 
,Chris Rupp,Exec VP/Chief Customer & Digital Officer, 
,Susan Morris,Exec VP/Chief Operations Ofcr, 
,"Michael T Theilmann ""Mike""",Exec VP/Chief HR Officer, 
,Geoff White,Exec VP/Chief Mktg & Merchandising Ofcr, 
,"Robert A Gordon ""Bob""",Exec VP/Secretary/Gen Cnsl, 
,Wayne A Denningham,Exec VP:Ops/Pres:Southern, 
,Shane Dorcheus,Exec VP:Retail Ops/Pres:Southern, 
,"Andrew J Scoggin ""Andy""",Exec VP:Human Resources, 
,Jim Perkins,Exec VP:Retail Operations & Special Project, 
,Justin Ewing,Exec VP:Corporate Development, 
,Jerry Tidwell,Exec VP:Supply Chain & MFG, 
,Narayan Iyengar,Senior VP:Digital Mktg & E-commerce, 
,Evan Rainwater,Senior VP:Strategic Sourcing & Manufacturing, 
,Jonathan Mayes,Senior VP:External Affairs/Chief Diversity Ofcr, 
,Bryan Verbarendse,Senior VP:Distribution & Procurement, 
,Christine Chris Wilcox,VP:Communications & Public Affairs, 
,Suzanne F Long,VP:Business Process Improvement, 
,Melissa C Plaisance,VP:Treasury & IR, 
Walt Disney,"Robert A Iger ""Bob""",Chairman/CEO, 
,"Robert Chapek ""Bob""",Chairman:Disney Parks, 
,Alan F Horn,Chairman:Studios, 
,Kevin A Mayer,Chairman:Direct-To-Consumer & Intl, 
,Peter Rice,Chairman:Television/Co-Chair:Media Networks, 
,"James Pitaro ""Jimmy""",Co-Chair:Media Networks/Pres:Espn, 
,Justin Connolly,Pres:Media Distribution, 
,Jan Koeppen,Pres:EMEA, 
,George Kalogridis,Pres:Segment Dev & Enrichment, 
,Alan N Braverman,Senior Exec VP/Secy/Gen Cnsl, 
,Christine M McCarthy,Senior Exec VP/CFO, 
,Zenia Mucha,Senior Exec VP/Chief Communication Ofcr, 
,Mary Jayne Parker,Senior Exec VP/Chief Human Resources Ofcr, 
,Joe Inzerillo,Exec VP & CTO:Disney Streaming Services, 
,Aaron Laberge,Exec VP & CTO:Dtci Business, 
,Tilak Mandadi,Exec VP & CTO:Disney Parks,
,Brent A Woodford,Exec VP:Controllership,
,Jonathan S Headley,Senior VP/Treasurer,
,Helen Pak,Senior VP:Marketing Design,
,Lowell J Singer,Senior VP:Investor Relations,
Sysco,"Thomas L Bene ""Tom""",Chairman/President/CEO, 
,"Michael Foster ""Mike""",Chief Information & Technology Ofcr, 
,Joel T Grade,Exec VP/CFO, 
,Greg D Bertrand,Exec VP:US Foodservice Ops, 
,Robert Scott Charlton,Exec VP:Supply Chain, 
,Paul T Moskowitz,Exec VP:Human Resources, 
,Brian C Beach,Senior VP:Sysco Labs & Customer Experience, 
,Ajoy H Karna,Senior VP:Intl Foodservice Ops, 
,"Gregory S Keller ""Greg""",Senior VP:National Accounts Sales, 
,Brian R Todd,Senior VP:Merchandising, 
,Neil A Russell,VP:Investor Relations & Communications, 
,Eve McFadden,VP:Legal/CLO/Secy/Gen Cnsl, 
HP,Enrique Lores,President/CEO,
,Steve Fieler,Chief Financial Officer,
,Shane Wall,Chief Technology Officer,
,Richard Bailey,Chief Transformation Officer,
,Vikrant Batra,Chief Marketing Officer,
,Lesley Slaton Brown,Chief Diversity Officer,
,Karen Kahn,Chief Communications Ofcr,
,Tracy Suitt Keogh,Chief Human Resources Officer,
,"Stuart Pann ""Stu""",Chief Supply Chain Officer,
,Christoph Schell,Chief Commercial Officer,
,Alex Cho,Pres:Personal System,
,Kim M Rivera,Pres:Strategy & Business Management/CLO,
,Tuan Tran,Pres:Imaging & Printing,
,Stephanie Dismore,Managing Director,
,Helena Herrero Starkie,Interim President:EMEA,
,Beth Howe,Head:Investor Relations,
,Ramon Pastor,Interim Head:3D Printing & Digital Manufacturing,
Humana,Bruce D Broussard,President/CEO, 
,Brian A Kane,Chief Financial Officer, 
,"Timothy S Huval ""Tim""",Chief Administrative Officer, 
,Sam M Deshpande,Chief Technology & Risk Officer, 
,Jody L Bilney,Chief Consumer Officer, 
,Dr Vishal Agrawal,Chief Strategy & Corporate Dev Ofcr, 
,Jennifer Bazante,Chief Marketing Officer, 
,Heather Cox,Chief Digital Health & Analytics Officer, 
,Heidi S Margulis,Chief Corporate Affairs Officer, 
,Dr William H Shrank,Chief Medical & Corporate Affairs Ofcr, 
,"Douglas M Stoss ""Doug""",Interim Chief Corporate Affairs Ofcr, 
,Betty Assapimonwait,Pres:South Florida Medicare, 
,Susan M Diamond,Pres:Home Solutions, 
,Dr William K Fleming,Pres:Healthcare Services, 
,"Christopher H Hunter ""Chris""",Pres:Group & Military Business, 
,Timothy Alan Wheatley,Pres:Retail, 
,Maria Hughes,Senior VP/Chief Inclusion & Diversity Officer, 
,"Joseph C Ventura ""Joe""",Senior VP/Chief Legal Ofcr/Secy, 
,"Cynthia H Zipperle ""Cindy""",Senior VP/Chief Acctg Ofcr/Controller, 
,Alan Bailey,VP/Treasurer, 
,Caraline Coats,VP:Bold Goal, 
,Amy Smith,Dir:Investor Relations, 
Facebook,Mark Elliot Zuckerberg,Chairman/CEO/Co-Founder,
,"David M Wehner ""Dave""",Chief Financial Officer,
,Sheryl Kara Sandberg,Chief Operating Officer,
,"Michael Todd Schroepfer ""Mike",Chief Technology Officer,
,Erin Egan,Chief Privacy Officer,
,David B Fischer,Chief Revenue Officer,
,Antonio J Lucio,Chief Marketing Officer,
,"Susan J S Taylor ""Sue""",Chief Accounting Officer,
,David Kling,VP/Secretary/Deputy Gen Counsel,
,Monika Bickert,VP:Global Policy Management,
,Stan Chudnovsky,VP:Messaging Products,
,Deborah T Crawford,VP:Investor Relations,
,Mark D'Arcy,VP:Global Bus Mktg/Chief Creative Ofcr,
,Marne Levine,VP:Global Partnerships & Bus Dev,
,Justin Osofsky,VP:Global Operations,
,John Pinette,VP:Global Communications,
,"Daniel A Rabinovitsj ""Dan""",VP:Connectivity,
,Jason Rubin,VP:Special Gaming Initiatives,
,Kevin Weil,VP:Product,
,Jennifer G Newstead,General Counsel,
,"James Everingham ""Jim""",Head:Engineering,
,Michelle Kempner,Head:Product Marketing,
,David A Marcus,Head:Blockchain,
,Javier Olivan,Head:Central Product Services,
Caterpillar,"D James Umpleby III ""Jim""",Chairman/CEO,
,Andrew R J Bonfield,Chief Financial Officer,
,Suzette M Long,Chief Legal Ofcr/Secy/Gen Counsel,
,G Michael Marvel,Chief Accounting Officer,
,Cheryl H Johnson,Chief Human Resource Officer,
,Jill E Daugherty,Chief Audit Officer,
,Michael A McGuire,Chief Compliance Officer,
,Barbara Schwarzentraub,CFO:Global Information Services,
,"William P Ainsworth ""Billy""",Pres:Energy & Transportation,
,Bob De Lange,Pres:Svcs & Distribution,
,Ramin Younessi,Pres:Construction Industries,
,Denise C Johnson,Pres:Resources Industries,
,"Thomas A Pellette ""Tom""",Senior VP/Pres:Solar Turbines,
,"Thomas J Bluth ""Tom""",VP:Legal Aftermarket Support,
,Qihua Chen,VP:China Operations,
,Kyle J Epley,VP:Finance Services,
,Julie A Lagacy,VP:Global Information Services/CIO,
,"Anthony D Fassino ""Tony""",VP:Building Construction Products,
,Kathryn Dickey Karol,VP:Global Government & Corporate Affairs,
,"Steven M Ferguson ""Steve""",VP:Industrial Power Systems,
,Pablo M Koziner,VP:Electric Power Division,
,"Thomas Edward Frake ""Tom""",VP:Excavation,
,Ogi Redzic,VP:CAT Digital,
,Frederic Istas,VP:Earthmoving Div,
,E Jean Savage,VP:Surface Mining & Technology,
,"Christopher R Snodgrass ""Chri",VP:Product Support & Logistics,
,Tana L Utley,VP:Large Power Systems,
,"David T Walton ""Dave""",VP:Financial Products,
,Rob Hoenes,VP:Material Handling & Underground Division,
,"Richard D Moore ""Rich""",Treasurer,
,Jennifer Driscoll,Dir:Investor Relations,
,Jennifer K Schott,Assistant Secretary,
Energy Transfer,Kelcy L Warren,Chairman/CEO/Founder, 
,"Marshall S McCrea III ""Mackie""",President/Chief Commercial OFC, 
,"Thomas E Long ""Tom""",Chief Financial Officer, 
,Matthew S Ramsey,Chief Operating Officer, 
,Christopher P Curia,Exec VP/Chief HR Ofcr, 
,Thomas P Mason,Exec VP/General Counsel/President:LNG, 
,Bradford Dickerson Whitehurst ,Exec VP/Head:Tax, 
,Kevin J Smith,Exec VP:Engineering & Construction, 
,A Troy Sturrock,Senior VP/Controller, 
,Brent Ratliff,VP:Investor Relations, 
Lockheed Martin,Marillyn A Hewson,Chairman/President/CEO, 
,"Dr Dana Jackson ""Keoki""",Chief Technology Officer, 
,Kenneth R Possenriede,Exec VP/CFO, 
,"Richard F Ambrose ""Rick""",Exec VP:Space, 
,Michele A Evans,Exec VP:Aeronautics, 
,Scott Greene,Exec VP:Missile & Fire Control, 
,Frank A St John,Exec VP:Rotary & Mission Systems, 
,Maryanne R Lavan,Senior VP/Secy/General Counsel, 
,Timothy Cahill,Senior Vice President, 
,Dean Acosta,Senior VP:Communications, 
,Stephanie C Hill,Senior VP:Enterprise Business Transformation, 
,Robert M Lightfoot Jr,Senior VP:Strategy & Business Development, 
,Dr Leo S Mackay Jr,Senior VP:Ethics & Enterprise Assurance, 
,"Rodney A Makoske ""Rod""",Senior VP:Corporate Engineering, 
,"Robert E Mullins ""Rob""",Senior VP:Corporate Strategy & Bus Dev, 
,"Robert E Mullins ""Rob""",Senior VP:Corporate Strategy &, 
,Robert Rangel,Senior VP:Government Affairs, 
,Brian P Colan,VP/Chief Acctg Ofcr/Controller, 
,John W Mollard,VP/Treasurer, 
,Kerri R Morey,VP/Associate General Counsel, 
,Maria Demaree,VP/Gen Mgr:Mission Solutions, 
,Bridget Lauderdale,VP & Gen Mgr:Integrated Fighter Group, 
,"Roderick McLean ""Rod""",VP & General Mgr:Air Mobility & Maritime Missions, 
,Greg M Gardner,VP:Investor Relations, 
,"Vice Adm Bernard McCullough """,VP:Strategy & Business Development, 
,Doug Laurendeau,VP:Strategy & Bus Dev, 
,Erin Moseley,VP:Strategy & Bus Dev, 
,Ken Kota,VP:Strategy & Bus Dev, 
,Mike Smith,VP:Strategic Planning, 
,Bill Phelps,VP:External Communications, 
,Adam Sohn,VP:Space Communications, 
,Stephen Denker,Head:Satellite Ground Programs,
,Vivek Lall,VP:Strategy & Business Devlopment,
Pfizer,Ian C Read,Chairman, 
,Dr Albert Bourla,Chief Executive Officer, 
,Dr Mikael Dolsten,Chief Scientific Ofcr/Pres:Worldwide Research & Dev, 
,Michael Goettler,Pres:Upjohn, 
,Angela Hwang,Pres:Biopharmaceuticals, 
,Andy Schmeltz,Pres:Oncology, 
,Frank A D'Amelio,Exec VP:Global Supply & Bus Operations/CFO, 
,Lidia L Fonseca,Exec VP/Chief Digital & Technology Officer, 
,Rady A Johnson,Exec VP/Chief Compliance Ofcr, 
,"Douglas M Lankler ""Doug""",Exec VP/General Counsel, 
,Dr Freda C Lewis-Hall,Exec VP/Chief Patient Officer, 
,Dr Alexander Rod Mackenzie,Exec VP/Chief Development Ofcr, 
,Dawn Rogers,Exec VP/Chief Human Resources Ofcr, 
,Sally Susman,Exec VP/Chief Corporate Affairs Ofcr, 
,Dr Seng Hing Cheng,Senior VP/Chief Scientific Ofcr:Rare Disease, 
,Margaret M Madden,Senior VP/Chief Governance Cnsl/Secy, 
,Dr Jeff Settleman,Senior VP/Head:Oncology & Research Dev, 
,Brian Byala,Senior VP/Treasurer , 
,"Charles E Triano ""Chuck""",Senior VP:Investor Relations , 
,Michael Anthony White,VP/Chief Scientific Ofcr:Tumor Cell Biology, 
,Denis Patrick,VP/Head:Innovation/Lead:Medicines, 
,John D Young,Pres/Chief Business Officer, 
Goldman Sachs Group,David M Solomon,Chairman/CEO, 
,John E Waldron,President/COO, 
,"R Martin Chavez ""Marty""",Vice Chairman/Co-Head:Trading, 
,Laurence Stein,Chief Administrative Officer, 
,Sheara J Fredman,Chief Accounting Officer/Controller, 
,Brian J Lee,Chief Risk Officer, 
,Stephen M Scherr,Exec VP/CFO, 
,John F W Rogers,Exec VP/Chief of Staff, 
,Karen Patton Seymour,Exec VP/Secretary/Gen Cnsl, 
,Sarah E Smith,Exec VP/Global Head:Compliance, 
,Rana Yared,Mng Dir:Principal Strategic Investments, 
,Dane E Holmes,Exec VP/Global Head:Human Capital Mgmt, 
,Heather K Miner,Partner/Head:Investor Relations, 
,"Elizabeth M Hammack ""Beth""",Treasurer, 
Morgan Stanley,James Patrick Gorman,Chairman/CEO, 
,"Thomas R Nides ""Tom""",Vice Chairman, 
,Audrey Choi,Chief Mktg Ofcr/Chief Sustainability Ofcr, 
,David Stark,Chief Medical Ofcr/Head:Human Resources Data & Analytics, 
,Shelley Suzanne O'Connor,CEO:Private Banking Group, 
,Jonathan M Pruzan,Exec VP/CFO, 
,"Jeffrey S Brodsky ""Jeff""",Exec VP/Chief Human Resources Ofcr, 
,Eric F Grossman,Exec VP/Chief Legal Ofcr, 
,Keishi Hotsuki,Exec VP/Chief Risk Officer , 
,Seema R Hingorani,Managing Director, 
,Martin M Cohen,Secretary, 
,John Ryan,Treasurer, 
,Jean De Miramon,Head:Chemicals Banking, 
,Franck Robert Petitgas,Head:International Operations, 
,Sam Kellie-Smith,Head:Fixed Income , 
,Daniel A Simkowitz,Head:Investment Management,
,"Edward Pick ""Ted""",Head:Institutional Securities,
,Clare Woodman,Head:EMEA,
,Sharon Yeshaya,Head:Investor Relations,
,Tatiana Segalas,Head:Global Risk,
Cisco Systems,"Charles H Robbins ""Chuck""",Chairman/CEO, 
,"Tim Keanini ""Tk""",CTO:Product Line Analytics, 
,Dave Ward,CTO:Engineering/Chief Architect, 
,Kelly A Kramer,Exec VP/CFO, 
,Mark Chandler,Exec VP/Chief Legal Ofcr/Chief Compliance Ofcr, 
,"Geraldine T Elliott ""Gerri""",Exec VP/Chief Sales & Marketing Ofcr, 
,Francine Katsoudas,Exec VP/Chief People Ofcr, 
,Maria Martinez,Exec VP/Chief Customer Experience Ofcr, 
,"Tan Tiang Yew ""Irving""",Exec VP/Chief:Operations, 
,David Goeckeler,Exec VP & Gen Mgr:Security & Networking Bus, 
,Prat S Bhatt,Senior VP/Chief Accounting Ofcr, 
,Anuj Kapur,Senior VP/Chief Strategy Ofcr, 
,Stella Low,Senior VP/Chief Communications Ofcr, 
,Steve Martino,Senior VP/Chief Information Security Ofcr, 
,Oliver Roll,Senior VP/Chief Culture Ofcr, 
,John N Stewart,Senior VP/Chief Security Ofcr,
,Michael Timmeny,Senior VP/Chief Government Strategy Ofcr,
,Roland Acra,Sr VP/Gen Mgr:Data Center,
,Mark Patterson,Senior Vice President,
,Roger Biscay,Senior VP:Global Risk Mgmt/Treasurer,
,"Elizabeth Centoni ""Liz""",Senior VP:Internet of Things Business,
,Amy L Chang,Senior VP:Collaboration Technology,
,Guillermo Diaz Jr,Senior VP:Customer Transformation,
,Bill Gartner,Senior VP:Optical system,
,Frank Palumbo,Senior VP:Global Data Center,
,Marilyn Mora,Head:Investor Relations,
,Dave Wilson,Head:Internet of Things,
Cigna,David M Cordani,President/CEO,
,Gina Papush,Chief Data & Analytics Officer,
,Jerome Droesch,CEO:MENA,
,Howard Gough,CEO:EMEA,
,Brian Evanko,Pres:Government Business,
,Jim Hickey,Pres:Market,
,Bryan Holgerson,Pres:Market,
,"Matthew G Manders ""Matt""",Pres:Strategy & Solutions,
,"Timothy C Wentworth ""Tim""",Pres:Health Services,
,John Roble,Pres:Mountain State Market,
,Jason D Sadler,Pres:International Markets,
,Wendy Sherry,Pres:Commercial Healthcare,
,"Michael Triplett ""Mike""",Pres:US Markets,
,Eric P Palmer,Exec VP/CFO,
,"Dr Steven Miller ""Steve""",Exec VP/Chief Clinical Ofcr,
,Dr Mark L Boxer,Exec VP/Global CIO,
,John M Murabito,Exec VP/Chief Human Resources Ofcr,
,Nicole S Jones,Exec VP/General Counsel,
,Tom Richards,Senior VP/Global Head:Strategy,
,Mary T Agoglia Hoeltzel,Senior VP:Tax/Chief Acctg Ofcr,
,Ralph Holmes,VP:US Commercial,
,William McDowell,VP:Investor Relations,
,Ron Menzin,Senior Dir:Medical,
,Jeffrey Langsam,Dir:Connecticut Medical,
AIG,Brian Duperreault,President/CEO,
,Sabra Rose Purtill,Deputy CFO/Head:Treasury & Investor Relations,
,Jennifer Waldner,Chief Sustainability Officer,
,Tom Parker,Deputy Chief Information Security Officer,
,David H McElroy,Pres & CEO:General Insurance,
,Sharon French,Pres & CEO:Life & Retirement Funds,
,Tony McHarg,Interim CEO:New Zealand/Head:Asia Pacific,
,"Kenneth Riegler ""Ken""",Pres:North America General Insurance,
,"Alexander Ross Baugh ""Lex""",Chief Underwriting Ofcr:Casualty & Financial Lines,
,Kean D Driscoll,Chief Underwriting Ofcr:Property & Agriculture,
,Mark D Lyons,Exec VP/CFO,
,Peter Zaffino,Exec VP/Global COO/Pres & CEO:Gen Insurance,
,"Douglas A Dachille ""Doug""",Exec VP/Chief Invsmt Officer,
,Karen L Ling,Exec VP/Chief Human Resources Officer,
,Naohiro Mouri,Exec VP/Chief Auditor,
,"Alessandrea Quane ""Alessa""",Exec VP/Chief Risk Officer, 
,John P Repko,Exec VP/Chief Information Offic, 
,Kevin T Hogan,Exec VP/CEO:Life & Retirement, 
,"Seraina Macia ""Maag""",Exec VP/CEO:Blackboard US Holdings, 
,"Luciana Fato ""Lucy""",Exec VP/Gen Counsel/Interim Head:Human Resources, 
,Richard Baich,Senior VP/Chief Information Security Officer, 
,Rose Marie E Glazer,VP/Secretary/Deputy Gen Cnsl, 
,Wendy Daniels,VP/Dir:Retirement Strategy, 
,Gordon Browne,Global Head:Energy & Construction, 
,Allison Barrett,Global Head:Multinational General Insurance, 
,Steve Eccles,Global Head:Aerospace, 
,Shane Fitzsimons,Global Head:Shared Services, 
,James Love,Global Head:Real Estate, 
,Duncanis Ellis,Head:Retail Property, 
,Tony McHarg,Head:Multinational & Network Mgmt Asia Pacific, 
,"Elizabeth A Werner ""Liz""",Head:Investor Relations,
HCA Healthcare,"Samuel N Hazen ""Sam""",Chief Executive Officer, 
,Jim Jirjis,Chief Health Information Officer, 
,Scott Davis,CEO:Houston Healthcare Northwest, 
,Dr Michael S Cuffe,Pres:Physician Services, 
,"Charles J Hall ""Chuck""",Pres:National Group, 
,A Bruce Moore Jr,Pres:Service Line & Ops Integration, 
,Dr Ravi S Chari,Pres:West Florida, 
,Jon M Foster,Pres:American Group, 
,Michael G Joseph,Pres:East Florida, 
,Charles Gressle,Pres:East Florida, 
,Michael P Joyce,Pres:North Florida, 
,Greg Lowe,Pres:North Carolina, 
,Troy A Villarreal,Pres:Gulf Coast, 
,Terence Van Arkel,CFO:North Carolina, 
,Chris J Osentowski,Chief Development Ofcr:Gulf Coast, 
,William B Rutherford,Exec VP/CFO, 
,Dr Jane D Englebright,Senior VP/Chief Nursing Ofcr, 
,P Martin Paslick,Senior VP/CIO, 
,Jennifer Berres,Sr VP/Chief Human Resource Ofcr, 
,"Joseph A Sowell III ""Joe""",Senior VP/Chief Development Ofcr, 
,"Robert A Waterman ""Bob""",Senior VP/Chief Labor Relatons Ofcr/Gen Cnsl, 
,Phil Billington,Senior VP:Internal Audit Services, 
,"Jeffrey E Cohen ""Jeff""",Senior VP:Government Relations, 
,J William Morrow,Senior VP:Finance/Treasurer, 
,Deborah M Reiner,Senior VP:Mkt & Communications, 
,Kathryn A Torres,Senior VP:Payer Contracting & Alignment, 
,Jenn Bowman,VP:Patient Experience, 
,Mark W Kimbrough,VP:Investor Relations, 
,Christopher F Wyatt,Senior VP/Controller, 
,Kathi Whalen,Senior VP/Chief Ethics & Compliance Ofcr, 
American Airlines Group,"William Douglas Parker ""Doug""",Chairman/CEO,
,Robert D Isom Jr,President,
,Maya Leibman,Exec VP/CIO,
,Elise R Eberwein,Exec VP:People & Communications,
,Stephen L Johnson,Exec VP:Corporate Affairs,
,Priya R Aiyar,Senior VP/General Counsel,
,Kevin Brickner,Senior VP:Technical Operations,
,"Donald B Casey ""Don""",Senior VP:Revenue,
,Kerry Philopovich,Senior VP:Customer Experience,
,Vasu Raja,Senior VP:Network Strategy,
,David Seymour,Senior VP:Operations,
,Kurt Stache,Senior VP:Customer Experience,
,Alison Taylor,Senior VP:Global Sales,
,"Thomas T Weir ""Tom""",VP/Treasurer,
,Alice Curry,VP:Customer Care,
,Joncarlo Gulbranson,VP:Operations & Crew Performance,
,Daniel E Cravens,Mng Dir:Investor Relations,
,Alyssa Heath,Dir:Sales Support,
,Alexandre Cavalcanti,Dir:Sales,
,Caroline B Ray,Secretary,
Delta Air Lines,"Edward H Bastian ""Ed""",Chief Executive Officer, 
,Glen W Hauenstein,President, 
,William C Carroll,Chief Accounting Officer, 
,"Wayne Gilbert West ""Gil""",Senior Exec VP/COO, 
,Paul A Jacobson,Exec VP/CFO, 
,Peter W Carter,Exec VP/CLO/Secretary, 
,Rahul Samant,Exec VP/CIO, 
,Joanne D Smith,Exec VP/Chief Human Resources Ofcr, 
,"William P Lentsch ""Bill""",Exec VP:Flying & Air Operations, 
,"Steven M Sear ""Steve""",Exec VP:Global Sales/Pres:Intl, 
,"Timothy Mapes ""Tim""",Senior VP/Chief Marketing & Communications Officer, 
,Joe Esposito,Senior VP:Network Planning, 
,Sandy Gordon,Senior VP:Airport Operations, 
,Jim Graham,Senior VP:Flight Operations, 
,Dave Holtz,Senior VP:Ops & Customer Center, 
,Gareth Joyce,Senior VP:Airport Customer Svcs/Pres:Cargo, 
,Henry Kuykendall,Senior VP:Airport Operations, 
,Erik Snell,Senior VP:Ops & Customer Center, 
,Kenneth Morge,VP/Treasurer, 
,Ranjan Goswami,VP:In-Flight Service, 
,Jill Sullivan Greer,VP:Investor Relations, 
,Gary Hammes,VP:Engineering & Quality Assurance, 
,Scott Santoro,VP:Los Angeles & Sales-West, 
,Robert Walpole,VP:Cargo Operations & Logistics, 
,Rafael Figueroa,Mng Dir:Cargo Ops & Customer Experience, 
,Eric Burgeson,Managing Dir:Government Affairs, 
Charter Communications,"Thomas M Rutledge ""Tom""",Chairman/CEO,
,John Bickham,President/COO,
,"Christopher L Winfrey ""Chris""",Chief Financial Officer,
,Danny L Bowman,Chief Mobile Officer,
,Stephanie Mitchko-Beale,Exec VP/Chief Technology Officer,
,"Richard J Digeronimo ""Rich""",Exec VP/Chief Product & Technology Ofcr,
,"Jonathan Hargis ""Jon""",Exec VP/Chief Marketing Officer,
,David Kline,Exec VP/Pres:Spectrum Reach,
,"Richard R Dykhouse ""Rick""",Exec VP/Secy/General Counsel,
,"Philip G Meeks ""Phil""",Exec VP/Pres:Spectrum Bus Enterprise,
,"Thomas E Adams ""Tom""",Exec VP:Field Operations,
,Mike Bair,Exec VP:Spectrum Networks,
,James Blackley,Exec VP:Engineering & IT,
,Catherine C Bohigian,Exec VP:Government Affairs,
,Cliff Hagan,Exec VP:Customer Operations,
,Paul Marchand,Exec VP:Human Resources,
,Tom Montemagno,Exec VP:Programming Aquisition,
,James Nuzzo,Exec VP:Financial & Business Planning,
,Scott Weber,Exec VP:Network Operations,
,Kevin D Howard,Exec VP/Chief Accounting Officer/Controller,
,David G Ellen,Senior Exec Vice President,
,Cameron Blanchard,Senior VP:Communications,
,Tom Monaghan,Senior VP:Field Operatios,
,Rachel Welch,Senior VP:Policy & External Affairs,
,Jennifer Suzanne Pirozzi,Attorney,
,Dane Knudsen,Senior Dir:Investor Relations,
,Martin Armstrong,VP:Payroll Shared Services,
New York Life Insurance,"Theodore A Mathas ""Ted""",Chairman/CEO, 
,Craig Desanto,Co-Chief Operating Officer, 
,"Matthew Grove ""Matt""",Co-Chief Operating Officer, 
,Michelle Bottomley,Chief Marketing Officer, 
,Kelli Parsons,Chief Communications Ofcr, 
,Kathleen Navarro,Chief Diversity Officer, 
,Eric A Feldstein,Exec VP/CFO, 
,Anthony Ramsey Malloy,Exec VP/Chief Invsmt Officer/CEO:Portfolio, 
,Sheila Keamey Davidson,Exec VP/Chief Legal Ofcr/Gen Cnsl, 
,Mark Madgett,Executive Vice President, 
,"Donald Desiderato ""Don""",Senior VP/Chief Information Officer, 
,Katherine R O'Brien,Senior VP/Chief HR Officer, 
,Joel M Steinberg,Senior VP/Chief Risk Officer, 
,Stephen N Steinig,Senior VP/Chief Actuary, 
,Susan A Thrope,Senior VP/Deputy Gnrl Counsel, 
,Alain Maurice Karaoglan,Senior Vice President,
,"Elizabeth McCarthy ""Liz""",Senior VP/Head:Insurance,
American Express,Stephen Joseph Squeri,Chairman/CEO,
,Elizabeth Rutledge,Chief Marketing Officer,
,Dr Mohammed Badi,Chief Strategy Officer,
,Sonia Cargan,Chief Diversity Officer,
,Monique R Herena,Chief Human Resources Officer,
,Laureen E Seeger,Chief Legal Officer,
,Jennifer Skyler,Chief Corporate Affairs Officer,
,Douglas E Buckminster,Group Pres:Global Consumer ,
,Raymond Joabar,Pres:Global Risk/CRO,
,Anna Marrs,Pres:Global Commercial Svcs,
,Denise Pickett,Pres:Global Services Group,
,Anre D Williams,Pres:Global Merchant & Network Svcs,
,"Jeffrey C Campbell ""Jeff""",Exec VP/CFO,
,Marc D Gordon,Exec VP/CIO,
,"Richard Petrino ""Rick""",Exec VP/Controller,
,David Yowan,Exec VP/Treasurer, 
,Linda K Zukauckas,Exec VP/Deputy CFO, 
,Alan P Gallo,Exec VP:Internal Audit/Chief Audit Exec, 
,David Fabricant,Senior VP:Controllership, 
,Tangela Richter,Secy/Chief Governance Ofcr, 
,Rosie Perez,Senior VP/Head:Investor Relations, 
Best Buy,Hubert Joly,Chairman, 
,Corie S Barry,Chief Executive Officer, 
,"R Michael Mohan ""Mike""",President/COO, 
,Mattew Bilunas,Chief Financial Officer, 
,Whit Alexander,Chief Transformation Officer, 
,Robert L Bass,Chief Supply Chain Officer, 
,"Matthew Furman ""Matt""",Chief Communications & Public Affairs Ofcr, 
,Jason Bonfig,Chief Merchandising Officer, 
,Allison Peterson,Chief Customer & Marketing Ofcr, 
,Kamy Scarlett,Chief Human Resources Officer, 
,Brian A Tilzer,Chief Digital & Technology Ofcr, 
,Asheesh Saksena,Pres:Best Buy Health, 
,Trish Walker,Pres:Services, 
,Ron Wilson,Pres:International, 
,Matthew Watson,Senior VP/Chief Acctg Officer/Controller, 
,Mollie O'Brien,VP:Investor Relations,
Merck,"Kenneth C Frazier ""Ken""",Chairman/President/CEO, 
,Dr Roy D Baynes,Chief Medical Officer, 
,"Robert M Davis ""Rob""",Exec VP:Global Services/CFO, 
,Frank K Clyburn Jr,Exec VP/Chief Commercial Ofcr, 
,Julie Louise Gerberding,Exec VP/Chief Patient Officer, 
,Michael T Nally,Exec VP/Chief Marketing Ofcr, 
,"James Scholefield ""Jim""",Exex VP/Chief Information & Digital Officer, 
,Sanat Chattopadhyay,Exec VP/Pres:Manufacturing, 
,Richard R Deluca Jr,Exec VP/Pres:Animal Health, 
,Dr Roger M Perlmutter,Exec VP/Pres:Merck Research Labs, 
,Jennifer Zachary,Exec VP/General Counsel, 
,"Steven C Mizell ""Steve""",Exec VP:Human Resources, 
,Michael W Fleming,Senior VP/Chief Ethics & Compliance Ofcr, 
,Mark E McDonough,Senior VP/Treasurer, 
,Rita A Karachun,Senior VP:Finance/Controller, 
,Peter Dannenbaum,VP:Investor Relations,
Honeywell International,Darius Adamczyk,Chairman/President/CEO, 
,Suresh Venkatarayalu,Chief Technology Officer, 
,Robert Vislosky,Chief Procurement Officer, 
,Que Thanh Dallara,Pres & CEO:Connected Enterprise, 
,Dr Rajeev Gautam,Pres & CEO:Performance Materials & Tech, 
,Vimal M Kapur,Pres & CEO:Building Technologies, 
,Mike Madsen,Pres & CEO:Aerospace, 
,John F Waldron,Pres & CEO:Safety & Productivity Solutions, 
,Shane S Tedjarati,Pres:Global High Growth Regions, 
,"Gregory P Lewis ""Greg""",Senior VP/CFO, 
,Jeff Kimbell,Senior VP/Chief Commercial Ofcr, 
,Torsten Pilz,Senior VP/Chief Supply Chain Ofcr, 
,Anne T Madden,Senior VP/Secy/General Counsel, 
,Mark R James,Senior VP:Human Resources & Security, 
,"Timothy O Mahoney ""Tim""",Senior VP:Enterprise Transformation, 
,Mark Bendza,VP:Investor Relations,
United Continental Holdings,Oscar Munoz,Chief Executive Officer,
,J Scott Kirby,President,
,Jill Kaplan,Pres:New York/New Jersey,
,Janet Lamkin,Pres:California,
,"Gerald Laderman ""Gerry""",Exec VP/CFO,
,"Gregory L Hart ""Greg""",Exec VP/COO,
,Brett J Hart,Exec VP/CAO,
,Andrew P Nocella,Exec VP/Chief Commercial Ofcr,
,Linda P Jojo,Exec VP:Technology/Chief Digital Ofcr,
,Kate Gebo,Exec VP:Human Resources,
,Josh Earnest,Senior VP/Chief Communications Ofcr,
,"Torbjorn J Enqvist ""Toby""",Senior VP/Chief Customer Ofcr,
,"Robert S Rivkin ""Bob""",Senior VP/General Counsel,
,Kris Bauer,Senior VP:Technical Operations,
,Lori Bradley,Senior VP:Talent Mgmt,
,Jason Birnbaum,Sr VP:Digital Technology, 
,Jake Cefolia,Senior VP:Worldwide Sales, 
,"Theresa M Fariello ""Terri""",Senior VP:Government Affairs, 
,John Ray Gebo,Senior VP:Alliances, 
,"P Douglas McKeen ""Doug""",Senior VP:Labor Relations, 
,"Jonathan Roitman ""Jon""",Senior VP:Airport Operations, 
,John Slater,Senior VP:Inflight Services, 
,Bryan Quigley,Senior VP:Flight Ops United Airlines, 
,"Christopher T Kenny ""Chris""",Vice President/Controller, 
,"Michael Leskinen ""Mike""",Mng Dir:Investor Relations, 
Tyson Foods,John H Tyson,Chairman, 
,Noel W White,Chief Executive Officer, 
,Dean Banks,President, 
,John R Tyson,Chief Sustainability Officer, 
,Donnie D King,Pres:International/CAO, 
,Chad Martin,Pres:Poultry, 
,Noelle O'Mara,Pres:Prepared Foods/Interim Chief Mktg Ofcr, 
,"Douglas Ramsey ""Doug""",Pres:Global Mcdonald's Business, 
,"Stephen R Stouffer ""Steve""",Pres:Fresh Meats, 
,Stewart Fraser Glendinning,Exec VP/CFO, 
,Scott Spradley,Exec VP/CTO, 
,Mary A Oleksiuk,Exec VP/Chief Human Resources Ofcr, 
,Scott Rouse,Exec VP/Chief Customer Officer, 
,Amy Tu,Exec VP/General Counsel, 
,Justin Whitmore,Exec VP:Alternative Proteins,
,"Stephen L Gibbs ""Steve""",Senior VP/Chief Acctg Ofcr/Controller,
,Curt T Calaway,Senior VP:Finance/Treasurer,
,Karen Knutson,Senior VP:Global Government Affairs,
,Jon Kathol,VP:Investor Relations,
Oracle,"Lawrence Joseph Ellison ""Larry",Chairman/CTO/Co-Founder, 
,"Jeffrey Owen Henley ""Jeff""",Vice Chairman, 
,Safra A Catz,Chief Executive Officer, 
,Edward Screven,Exec VP/Chief Corporate Architect, 
,William Corey West,Exec VP/Chief Acctg Ofcr/Controller, 
,Dorian E Daley,Exec VP/General Counsel, 
,"Richard T Geraffo Jr ""Rich""",Exec VP:North America Technology, 
,Juan R Loaiza,Exec VP:Mission-Critical Database Technologies, 
,Andrew Mendelsohn,Exec VP:Database Server, 
,Steve Miranda,Exec VP:Applications Product Dev, 
,"Robert M Tarkoff ""Rob""",Exec VP:CX & Data Cloud, 
,Greg Pavlik,Senior VP/CTO:Cloud Platform, 
,"Steven J Rosenberg ""Steve""",Senior VP/Gen Mgr:Health Sciences, 
,Sonny Singh,Senior VP/Gen Mgr:Financial Svcs Global Bus, 
,Rodger E Smith,Senior VP/Gen Mgr:Utilities, 
,"Mark Webster ""Mike""",Senior VP/Gen Mgr:Construction & Engg,
,Ken Bond,Senior VP:Investor Relations,
,Wim Coekaerts,Senior VP:Software Development,
,Steve A Daheb,Senior VP:Cloud,
,Brian S Higgins,VP/Secy/Associate Gen Cnsl,
Allstate,Thomas Wilson,Chairman/President/CEO, 
,"Steven E Shebik ""Steve""",Vice Chairman, 
,Eric K Ferren,Chief Financial & Strategy Officer, 
,Don Civgin,Pres:Service Businesses, 
,Mary Jane B Fortin,Pres:Allstate Financial, 
,John O'Donnell,Pres:Western Territory , 
,David Prendergast,Pres:East Territory, 
,Glenn Shapiro,Pres:Allstate Personal Line , 
,Mario Rizzo,Exec VP/CFO, 
,Elizabeth A Brady,Exec VP/Chief Mktg & Innovation Ofcr, 
,John E Dugenske,Exec VP/Chief Invsmt & Corporate Strategy Ofcr, 
,"Susan L Lees ""Susie""",Exec VP/Secretary/Gen Counsel, 
,Brian Richard Bohaty,Exec VP:Corporate Business , 
,Suren K Gupta,Exec VP:Technology & Global Ops, 
,John Charles Pintozzi,Senior VP/Chief Accounting Officer/Controller, 
,John Griek,Head:Investor Relations,
World Fuel Services,Michael J Kasbar,Chairman/President/CEO, 
,Massoud Sedigh,Chief Information Officer, 
,Wade N Declaris,Chief Commercial Officer, 
,Ira M Birns,Exec VP/CFO, 
,"Jeffrey P Smith ""Jeff""",Exec VP/COO, 
,R Alexander Lake Jr,Exec VP/CLO/Secretary, 
,John P Rau,Exec VP:Global Aviation & Marine, 
,"Michael J Crosby ""Mike""",Exec VP:Global Land, 
,"LEE  BOON Meng ""Francis""",Exec VP:Marine, 
,Amy Abraham,Senior VP/Chief Mktg Ofcr, 
,Carlos M Velazquez,Senior VP:Finance, 
,Glenn Klevitz,VP/Treasurer/Investor Relations, 
TJX,Carol Meyrowitz,Chairman, 
,Ernie Herrman,President/CEO, 
,"Kenneth Canestrari ""Ken""",Group President/Senior Exec VP, 
,Doug Mizzi,Group President/Senior Exec VP, 
,Richard Sherr,Group President/Senior Exec VP, 
,Scott Goldenberg,Senior Exec VP/CFO, 
,Alicia C Kelly,Exec VP/Secy/General Counsel, 
,Jeff Botte,Investor Relations, 
ConocoPhillips,Ryan M Lance,Chairman/CEO,
,"Gregory P Leveille ""Greg""",Chief Technology Officer,
,"W L Bullock Jr ""Bill""",Pres:Asia Pacific & Middle East,
,Michael D Hatfield,Pres:Alaska & Canada,
,"Donald Evert Wallette Jr ""Don""",Exec VP/CFO,
,"Matthew J Fox ""Matt""",Exec VP/COO,
,Kelly Brunetti Rose,Senior VP:Legal/Secy/Gen Cnsl,
,Ellen R Desanctis,Senior VP:Corporate Relations/IR,
,Andrew D Lundquist,Senior VP:Government Affairs,
,Glenda M Schwarz,VP/Treasurer,
,Catherine A Brooks,VP/Controller,
,James D McMorran,VP:Human Resources & Real Estate,
Deere,John C May,Chief Executive Officer,
,Rajesh Kalathur,Pres:John Deere Financial/CIO,
,"James M Field ""Jim""",Pres:Worldwide Construction & Forestry,
,"Markwart Von Pentz ""Mark""",Pres:Worldwide Agriculture & Turf,
,Cory J Reed,Pres:Worldwide Agriculture,
,Ryan D Campbell,Senior VP/CFO,
,Marc A Howze,Senior VP/CAO,
,Mary K W Jones,Senior VP/General Counsel,
,Bernhard E Haas,Senior VP:Global Tractor Platform,
,Joshua Jepsen,Dir:Investor Relations,
Tech Data,Robert M Dutkowsky,Chairman, 
,Richard T Hume,Chief Executive Officer, 
,"Joseph H Quaglia Sr ""Joe""",Pres:Americas, 
,Patrick Zammit,Pres:Europe , 
,Charles V Dannewitz,Exec VP/CFO, 
,John A Tonnison,Exec VP/CIO, 
,Beth E Simonetti,Exec VP/Chief Human Resources Ofcr, 
,David R Vetter,Exec VP/CLO, 
,Michael Rabinovitch,Senior VP/Chief Acctg Officer, 
,Alain Amsellem,Senior VP/CFO:Europe, 
,Joseph B Trepani,Senior VP/CFO:Americas, 
,Chuck Bartlett,Senior VP:Vendor Solutions, 
,Sergio Farache,Senior VP:Global Cloud Solutions, 
,Scott Walker,VP/Treasurer, 
,Wayne Hanewicz,VP/Secretary, 
,Anne Devine-Pride,VP:Vendor Marketing,
,Tim Hannon,VP:Public Sector Solutions,
,Kaye McMillan,VP:Sales Transformation & Development,
,Tom Kraabel,VP:APAC Human Resources,
,Arleen Quinones,VP:Investor Relations,
,Raffaelo Piccolo,Mng Dir:Mexico,
Enterprise Products Partners,"A James Teague ""Jim""",Chief Executive Officer,
,"W Randall Fowler ""Randy""",President/CFO,
,Graham W Bacon,Exec VP/COO,
,Brent B Secrest,Exec VP/Chief Commercial Ofcr,
,Paul G Flynn,Senior VP/CIO,
,"Harry P Weitzel ""Hap""",Senior VP/Secretary/General Counsel,
,Anthony C Chovanec,Senior Vice President,
,James A Cisarik,Senior VP:Government Affairs/Public Relations,
,F Christopher D'Anna,Senior VP:Petrochemicals,
,R Daniel Boss,Senior VP:Accounting & Risk Control,
,Bradley Motal,Senior VP:Natural Gas Assets ,
,"Robert D Sanders II ""Bob""",Senior VP:Asset Optimization,
,"Robert E Moss ""Bob""",Senior VP:Houston Operations,
,Kevin M Ramsey,Senior VP:Capital Projects,
,Natalie K Gayden,Senior VP:Natural Gas,
,Tug Hanley,Senior VP:Pipelines & Terminal, 
,Karen D Taylor,Senior VP:Human Resources, 
,Michael W Hanson,VP/Chief Acctg Officer, 
,Christian Nelly,Senior Vice President - Finance and Treasurer, 
,Carrie L Weaver,VP:Eastern Region Pipelines, 
,Yvette M Longonje,VP:Distribution Services, 
,Randy Burkhalter,VP:Investor Relations , 
Nike,Dr Mark G Parker,Chairman/President/CEO, 
,John J Donahoe II,President/CEO, 
,Eric D Sprunk,Chief Operating Officer, 
,Ratnakar Lavu,Chief Digital Information Officer, 
,Kellie Leonard,Chief Diversity & Inclusion Ofcr, 
,Dr Thomas E Clarke,Pres:Advanced Innovation, 
,Elliott J Hill,Pres:Consumer & Marketplace, 
,Hannah Jones,Pres:Valiant Labs, 
,Michael Spillane,Pres:Categories & Product, 
,Craig Williams,Pres:Jordan Brand, 
,"Andrew Campion ""Andy""",Exec VP/CFO, 
,Hilary K Krane,Exec VP/CAO/General Counsel, 
,Monique Matheson,Exec VP:Global Human Resources, 
,John F Slusher,Exec VP:Global Sports Mktg, 
,Adam Sussman,VP/Chief Digital Ofcr/Gen Mgr:Direct Digital, 
,Dirk-Jan Van Hameren,VP/Chief Marketing Officer, 
,Noel Kinder,VP/Chief Sustainability Officer, 
,Ann Miller,VP/Chief Compliance Ofcr/Secy, 
,Chris Abston,VP/Controller, 
,Rosemary St Clair,VP/Gen Mgr:Global Women, 
,Cesar Garcia,VP/Gen Mgr:Global Running, 
,David Creech,VP:Brand Creative, 
,Gino Fisanotti,VP:Global Brand Creative, 
,Nicole Hubbard Graham,VP:Global Category, 
,Greg Hoffman,VP:Global Brand Creative, 
,Adrienne Lofton,VP:Marketing, 
,Martin Lotti,VP:Design, 
,Adam Roth,VP:Marketing, 
,Nitesh Sharan,VP: Corporate Finance & Treasurer/IR, 
Publix Super Markets,Randall Todd Jones Sr,Chief Executive Officer, 
,Kevin S Murphy,President, 
,David P Phillips,Exec VP/CFO/Treasurer, 
,Laurie Z Douglas,Senior VP/CIO/Chief Digital Ofcr, 
,"David E Bornmann ""Dave""",Senior Vice President, 
,Scott E Brubaker,Vice President, 
,Sandra J Estep,Vice President, 
,Mark R Irby,Vice President, 
,Marcy Benton,VP:Human Resources, 
,G Gino Digrazia,VP:Finance, 
,Mike Lester,VP:Distribution, 
,"Joseph A DiBenedetto Jr ""Joe""",VP:Atlanta, 
,John F Provenzano,VP:Public Affairs, 
,Dain Rusk,VP:Pharmacy, 
,Kris Jonczyk,VP:Atlanta, 
General Dynamics,Phebe N Novakovic,Chairman/CEO,
,"Christopher Marzilli ""Chris""",Exec VP:Information Technology,
,Mark C Roualet,Exec VP:Combat Systems,
,Robert E Smith,Exec VP:Marine Systems,
,Jason W Aiken,Senior VP/CFO,
,M Amy Gilliland,Senior VP/Pres:Information Technology,
,Gregory S Gallopoulos,Senior VP/Secretary/Gen Cnsl,
,"Thomas W Kirchmaier ""Tom""",Senior VP:Planning,
,Kimberly A Kuryea,Senior VP:HR & Administration,
,Christopher J Brady,VP/Pres:Mission Systems,
,Mark L Burns,VP/Pres:Gulfstream,
,David J Carver,VP/Pres:NASSCO,
,Kevin M Graney,VP/Pres:Electric Boat,
,Firat H Gezen,VP/Pres:Ordnance & Tactical Systems,
,Dirk A Lesko,VP/Pres:Bath Iron Works,
,"David Paddock ""Dave""",VP/Pres:JET Aviation, 
,Alfonso J Ramonet,VP/Pres:European Land Systems, 
,Gary L Whited,VP/Pres:Land Systems, 
,Daniel G Clare,VP/CFO:Gulfstream, 
,David H Fogg,VP/Treasurer, 
,"William A Moss ""Bill""",VP/Controller, 
,Ira P Berman,Vice President, 
,Kenneth R Hayduk,VP:Tax, 
,Howard Alan Rubel,VP:Investor Relations, 
,"Elizabeth L Schmid ""Betsy""",VP:Government Relations, 
,Sarah Abdow,Dir:Federal Civilian Health, 
Exelon,"Christopher M Crane ""Chris""",President/CEO, 
,Calvin G Butler Jr,Interim CEO:Exelon Utilities, 
,Joseph Nigro,Senior Exec VP/CFO, 
,Kenneth W Cornew,Senior Exec VP/Chief Commercial Ofcr, 
,William A Von Hoene Jr,Senior Exec VP/Chief Strategy Ofcr, 
,Paymon Aliabadi,Exec VP/Chief Enterprise Risk Ofcr, 
,Mari Bridget Reidy,Exec VP:Corporate Operations, 
,"James McHugh ""Jim""",Exec VP/CEO:Constellation, 
,Amy E Best,Senior VP/Chief Human Resources Ofcr, 
,"Michael Ronald Koehler ""Mike""",Senior VP/CIO/Chief Digital Ofcr, 
,"Thomas S O'Neill ""Tom""",Senior VP/Secy/General Counsel, 
,Kathleen L Barron,Senior VP:Govt & Regulatory Affairs, 
,Maggie Fitzpatrick,Senior VP:Corporate Affairs, 
,Dan L Eggers,Senior VP:Corporate Finance, 
,Ken Robinson,Senior VP:Audit & Controls, 
,Emily C Duncan,VP:Investor Relations,
Plains GP Holdings,"Wilfred C W Chiang ""Willie""",Chief Executive Officer,
,Harry N Pefanis,President/Chief Commercial Ofcr,
,Al Swanson,Exec VP/CFO,
,Chris R Chandler,Exec VP/COO,
,Richard Kelly McGee,Exec VP/Secretary/Gen Counsel,
,Sharon S Spurlin,VP/Treasurer,
,Roy I Lamoreaux,VP:Investor Relations,
3M,Michael F Roman,Chairman/CEO, 
,Julie L Bushman,Exec VP:International Operations, 
,Paul A Keel,Exec VP:Consumer Business Group, 
,Dr Ashish K Khandpur,Exec VP:Transportation & Electronics Bus, 
,Mojdeh Poul,Exec VP:Health Care Bus, 
,Dr Michael G Vale,Exec VP:Safety & Industrial Bus, 
,"Nicholas C Gangestad ""Nick""",Senior VP/CFO, 
,Dr John P Banovetz,Senior VP:Research/CTO, 
,Ivan K Fong,Senior VP:Legal Affairs/Gen Cnsl, 
,Eric D Hammes,Senior VP:Business Transformation, 
,Jon T Lindekugel,Senior VP:Manufacturing & Supply Chain, 
,Kristen M Ludgate,Senior VP:Human Resources, 
,Denise Rutherford,Senior VP:Corporate Affairs, 
,Ty R Silberhorn,Senior VP:Business Transformation, 
,Stephen Shafe,Senior VP:Bus Dev & Marketing-Sales, 
,"Theresa E Reinseth ""Teri""",VP/Chief Acctg Ofcr/Controller,
,Veena M Lakkundi,VP/Chief Compliance Ofcr,
,Gregg M Larson,VP/Secy/Deputy General Counsel,
,Debarati Sen,VP/Gen Mgr:Abrasives Systems,
,Karen V Carroll,VP/General Auditor,
,Sarah Grauze,VP:Finance/Treasurer,
,Bruce Jermeland,Director:Investor Relations,
,Christina Spence,Assistant Treasurer,
,Michael M Dai,Assistant Secretary,
,Ted K Ringsred,Assistant Secretary,
AbbVie,Richard Gonzalez,Chairman/CEO ,
,"Michael E Severino ""Mike""",Vice Chairman/President,
,Carlos Alban,Vice Chairman/Chief Commercial Officer,
,Laura J Schumacher,Vice Chairman:External Affairs/CLO,
,"Robert A Michael ""Rob""",Exec VP/CFO,
,Henry O Gosebruch,Exec VP/Chief Strategy Officer,
,Timothy J Richmond,Exec VP/Chief Human Resources Ofcr,
,Dr Azita Saleki-Gerhardt,Exec VP:Operations,
,Liz Shea,VP:Investor Relations,
,Kirsten O'Doherty,Mng Dir:ANZ,
Capital One Financial,Richard Dana Fairbank,Chairman/President/CEO/Founder, 
,Richard Scott Blackley,CFO/Head:Finance & Corporate Dev, 
,Robert M Alexander,Chief Information Officer, 
,John G Finneran Jr,CRO/Secretary, 
,Jory A Berson,Chief Human Resources Ofcr, 
,Celia Karam,Chief Audit Officer, 
,Frank G LaPrade III,Chief Enterprise Services Ofcr, 
,Jennifer Jackson,Pres:Capital One Canada, 
,Christopher T Newkirk,Pres:Intl & Small Business Card, 
,Kleber Santos,Pres:Retail & Direct Banking, 
,Michael C Slocum,Pres:Commercial Banking, 
,"Michael J Wassmer ""Mike""",Pres:US Card, 
,Sanjiv Yajnik,Pres:Financial Services, 
,Mike Eason,Chief Information Ofcr:Commercial Banking, 
,George Brady,Exec VP:Technology, 
,Thomas A Feil,Senior VP/Treasurer, 
,Timothy P Golden,Senior VP/Controller, 
,Michael M Johnson,Senior VP/Special Advisor, 
,Louis Rosado,Senior VP/Market Manager:New York, 
,"Benjamin K Olson ""Ben""",Managing Vice President/Head of Card Compliance, 
,Paul Baisley,Mng Dir/Head:Food, 
,Paul L Westra,Mng Dir:Restaurant Investments, 
,Jeff Norris,Head:Investor Relations, 
,Mak Kern,Dir:FB&A, 
,Matthew Cooper,Secretary/General Counsel, 
Progressive,"Susan Patricia Griffith ""Tricia""",President/CEO, 
,Steve A Broz,Chief Information Officer, 
,"M Jeffrey Charney ""Jeff""",Chief Marketing Officer, 
,"William M Cody ""Bill""",Chief Investment Officer, 
,Jonathan Bauer,Chief Investment Officer, 
,Lori Niederst,Chief Human Resource Officer, 
,Andrew Quigg,Chief Strategy Officer, 
,John A Barbagallo,President:Commercial Lines, 
,"Patrick K Callahan ""Pat""",President:Personal Lines , 
,John Murphy,Pres:Customer Relationship, 
,Michael D Sieger,President:Claims, 
,John Peter Sauerland,VP/CFO, 
,Mariann Wojtkun Marshall,VP/Chief Accounting Ofcr/Assistant Secy, 
,Daniel P Mascaro,VP/CLO/Secretary, 
,Patrick S Brennan,Treasurer, 
,Julia Hornack,Investor Relations,
Coca-Cola,James R Quincey,Chairman/CEO, 
,Brian J Smith,President/COO, 
,Gilles Leclerc,Pres:McDonald, 
,"Nikolaos Koumettis ""Nikos""",Pres:EMEA, 
,Manuel Manolo Arroyo Prieto,Pres:Asia Pacific, 
,Alfredo Rivera,Pres:Latin America, 
,Jennifer K Mann,Pres:Global Ventures, 
,John Murphy,Exec VP/CFO, 
,Lisa Chang,Senior VP/Chief People Officer, 
,Francisco Javier Crespo Benite,Senior VP/Chief Growth Officer, 
,Bernhard Goepelt,Senior VP/Chief Legal Cnsl/Gen Cnsl, 
,Julie Hamilton,Senior VP/Chief Customer & Commercial Leadership Ofcr, 
,Nancy W Quan,Senior VP/Chief Technical Ofcr, 
,"Beatriz R Perez ""Bea""",Senio VP/Chief Communications Ofcr, 
,Robert Long,Senior VP/Chief Innovation Ofcr, 
,Barry Simpson,Senior VP/Chief Information & Integrated Svcs Ofcr, 
,"James L Dinkins ""Jim""",Senior Vice President, 
,"Timothy K Leveridge ""Tim""",VP/Investor Relations Officer, 
,Larry M Mark,VP/Controller, 
,Chris Nolan,VP/Treasurer, 
,Jennifer Manning,Secretary/Associate General Counsel, 
Rite Aid,Bruce G Bodaken,Chairman, 
,Heyward R Donigan,Chief Executive Officer, 
,"James J Peters ""Jim""",Chief Operating Officer, 
,Frank G Vitrano,Chief Strategic Bus Dev Ofcr, 
,Jocelyn Zazyczny Konrad,Chief Pharmacy Officer, 
,"Benjamin E Bulkley ""Ben""",CEO:Envisionrxoptions, 
,Matthew C Schroeder,Senior VP/CFO/Treasurer, 
,Jessica Kazmaier,Senior VP/Chief Human Resources Officer, 
,Erik Keptner,Senior VP/Chief Mktg & Merchandising Ofcr, 
,Justin Mennen,Senior VP/Chief Information Ofcr, 
,Jim Comitale,Senior VP/Secy/General Counsel, 
,Scott Bernard,Senior VP:MID-Atlantic, 
,David Kelly,Senior VP:Store Development, 
,Rob Mullins,Senior VP:Store Operations Western, 
,Ernie Richardsen,Senior VP:Pharmacy Purchasing, 
,Karen Staniforth,Senior VP:Pharmacy Operations, 
,Brian Hoover,VP/Chief Acctg Officer/Controller, 
,Nate Newcomer,VP:Category Mgmt Administration, 
,"Robert G Oberosler ""Bob""",VP:Loss Prevention, 
,Ray G Payne,VP:Real Estate, 
,Ted Williams,VP:Category Mgmt-Consumables, 
,Byron Purcell,Senior Dir:Treasury Services & Investor Relations, 
Hewlett Packard Enterprise,Enrique Lores,President/CEO,
,Steve Fieler,Chief Financial Officer,
,Shane Wall,Chief Technology Officer,
,Richard Bailey,Chief Transformation Officer,
,Vikrant Batra,Chief Marketing Officer,
,Lesley Slaton Brown,Chief Diversity Officer,
,Karen Kahn,Chief Communications Ofcr,
,Tracy Suitt Keogh,Chief Human Resources Officer,
,"Stuart Pann ""Stu""",Chief Supply Chain Officer,
,Christoph Schell,Chief Commercial Officer,
,Alex Cho,Pres:Personal System,
,Kim M Rivera,Pres:Strategy & Business Management/CLO,
,Tuan Tran,Pres:Imaging & Printing,
,Stephanie Dismore,Managing Director,
,Helena Herrero Starkie,Interim President:EMEA,
,Beth Howe,Head:Investor Relations,
,Ramon Pastor,Interim Head:3D Printing & Dig,
Abbott Laboratories,Miles D White,Chairman/CEO, 
,Robert B Ford,President/COO, 
,Brian B Yoor,Exec VP:Finance/CFO , 
,Hubert L Allen,Exec VP/Secy/General Counsel, 
,Brian J Blaser,Exec VP:Diagnostics Products, 
,Dr John M Capek,Exec VP:Ventures, 
,John F Ginascol,Exec VP:Core Diagnostics, 
,Andrew H Lane,Exec VP:Established Pharmaceuticals, 
,Andrea F Wainer,Exec VP:Rapid & Molecular Diagnostics, 
,Daniel Gesua Sive Salvadori,Exec VP:Nutritional Products, 
,Robert E Funck,Senior VP:Finance/Controller, 
,Roger M Bird,Senior VP:US Nutrition, 
,"Charles R Brynelsen ""Chuck""",Senior VP:Abbott Vascular, 
,Jaime Contreras,Senior VP:Core Laboratory Diagnostics, 
,Sammy Karam,Senior VP:Emerging Markets, 
,Corlis D Murray,Senior VP:Quality Assurance, 
,Joseph Manning,Senior VP:International Nutrition, 
,Michael J Pederson,Senior VP:Cardiac Arrhythmias, 
,Christopher J Scoggins,Senior VP:Rapid Diagnostics, 
,Jared L Watkin,Senior VP:Diabetes Care, 
,Randel W Woodgrift,Senior VP:Cardiac Rhythm Management, 
,Alejandro Diego Wellisch,Senior VP:Established Pharmaceuticals, 
,Scott Leinenweber,VP:Investor Relations, 
Twenty-First Century Fox,Lachlan Keith Murdoch,Co-Chairman/CEO, 
,Keith Rupert Murdoch,Co-Chairman, 
,Steve Tomsic,Chief Financial Officer, 
,John P Nallen,Chief Operating Officer, 
,Paul Cheesbrough,CTO/Pres:Digital, 
,Viet D Dinh,Chief Legal & Policy Officer, 
,Michael Biard,Pres:Operations & Distribution, 
,Gary Ehrlich,Pres & Gen Mgr:Fox Studio Lot, 
,Marianne Gambelli,Pres:Advertising Sales, 
,Hope Hicks,Exec VP/Chief Communication Ofcr, 
,"Jeffrey A Taylor ""Jeff""",Exec VP/Chief Litigation Counsel, 
,Elizabeth Casey,Exec VP/Associate General Counsel, 
,Danny O'Brien,Exec VP/Head:Government Relations, 
,Raj Shah,Senior Vice President, 
,Yoel Flohr,Exec VP:Technology & Digital, 
,Kevin E Lord,Exec VP:Human Resources,
Micron Technology,Sanjay Mehrotra,President/CEO,
,Trevor Schulze,Chief Information Officer,
,Sumit Sadana,Exec VP/Chief Business Officer,
,Manish Bhatia,Exec VP:Global Operations,
,Scott J Deboer,Exec VP:Technology Dev,
,David A Zinsner,Senior VP/CFO,
,Thomas T Eby,Senior VP/Gen Mgr:Compute ,
,Raj Talluri,Senior VP/Gen Mgr:Mobile Business,
,Joel L Poppen,Senior VP:Legal Affairs/Secy/Gen Cnsl,
,April S Arnzen,Senior VP:Human Resources ,
,Wayne R Allan,Senior VP:Global Manufacturing,
,Mike Bokan,Senior VP:Worldwide Sales,
,Brian M Shirley,Senior VP:Dram & Emerging Memory Engineering,
,Jeff Verheul,Senior VP:Non-Volatile Engg,
,Paul Marosvari,VP/Chief Acctg Officer,
Travelers,Alan David Schnitzer,Chairman/CEO, 
,"Avrohom J Kess ""AJ""",Co-Vice Chairman/CLO, 
,Jay Steven Benet,Co-Vice Chairman, 
,William Heyman,Co-Vice Chairman, 
,Daniel S Frey,Exec VP/CFO, 
,Mojgan Lefebvre,Exec VP/ Chief Technology & Operations Officer, 
,Diane D Bengston,Exec VP/Chief Human Resources Ofcr, 
,"Andrew F Bessette ""Andy""",Exec VP/CAO, 
,Kevin Christopher Smith,Exec VP/Chief Innovation Officer, 
,Bruce R Jones,Exec VP/CRO, 
,Christine Kalla,Exec VP/Chief Ethics & Compliance Ofcr/Gen Cnsl, 
,David Rowland,Exec VP/Co-Chief Invsmt Ofcr, 
,Rick Schug,Exec VP/Chief Actuary, 
,David Rowland,Exec VP/Co-Chief Invsmt Ofcr, 
,Daniel Yin,Exec VP/Co-Chief Invsmt Ofcr, 
,Behram Dinshaw,Exec VP & Pres:Small Commercial, 
,Scott Higgins,Exec VP & Pres:Middle Market, 
,Michael F Klein,Exec VP & Pres:Personal Insurance, 
,"Thomas M Kunkel ""Tom""",Exec VP & Pres:Bond, 
,William C Malugen Jr,Exec VP & Pres:National Accounts, 
,"Gregory C Toczydlowski ""Greg",Exec VP & Pres:Bus Insurance, 
,Lisa M Caputo,Exec VP:Marketing & Communications, 
,Patrick J Kinney,Exec VP:Field Management, 
,Jeffrey P Klenk,Exec VP:Management Liability, 
,Nicholas Seminara,Exec VP:Claim Services, 
,Joan Kois Woodward,Exec VP:Public Policy/Pres:Travelers Institute, 
,Abbe Goldstein,Senior VP:Investor Relations, 
